URI,playlist_title,track_title,artist_name
37i9dQZF1DX2NwU6NbPUdo,Indie Classics,Playground Love,"Air, Gordon Tracks"
37i9dQZF1DX2NwU6NbPUdo,Indie Classics,Hold On,Alabama Shakes
37i9dQZF1DX2NwU6NbPUdo,Indie Classics,Tessellate,alt-J
37i9dQZF1DX2NwU6NbPUdo,Indie Classics,Unfucktheworld,Angel Olsen
37i9dQZF1DX2NwU6NbPUdo,Indie Classics,Hope There's Someone,Antony and the Johnsons
37i9dQZF1DX2NwU6NbPUdo,Indie Classics,Neighborhood #1 (Tunnels),Arcade Fire
37i9dQZF1DX2NwU6NbPUdo,Indie Classics,Web in Front,Archers Of Loaf
37i9dQZF1DX2NwU6NbPUdo,Indie Classics,Breezeblocks,alt-J
37i9dQZF1DX2NwU6NbPUdo,Indie Classics,Heart It Races,Architecture In Helsinki
37i9dQZF1DX2NwU6NbPUdo,Indie Classics,You Are My Sister,Antony and the Johnsons
37i9dQZF1DX2NwU6NbPUdo,Indie Classics,Wake Up,Arcade Fire
37i9dQZF1DX2NwU6NbPUdo,Indie Classics,Fluorescent Adolescent,Arctic Monkeys
37i9dQZF1DX2NwU6NbPUdo,Indie Classics,Goldfinger,Ash
37i9dQZF1DX2NwU6NbPUdo,Indie Classics,One Crowded Hour,Augie March
37i9dQZF1DX2NwU6NbPUdo,Indie Classics,Fistful Of Love,Antony and the Johnsons
37i9dQZF1DX2NwU6NbPUdo,Indie Classics,Rebellion (Lies),Arcade Fire
37i9dQZF1DX2NwU6NbPUdo,Indie Classics,I Bet You Look Good On The Dancefloor,Arctic Monkeys
37i9dQZF1DX2NwU6NbPUdo,Indie Classics,Girl From Mars,Ash
37i9dQZF1DX2NwU6NbPUdo,Indie Classics,There Is No Such Place,Augie March
37i9dQZF1DX2NwU6NbPUdo,Indie Classics,Since I Left You,The Avalanches
37i9dQZF1DX2NwU6NbPUdo,Indie Classics,No Cars Go,Arcade Fire
37i9dQZF1DX2NwU6NbPUdo,Indie Classics,Fake Tales Of San Francisco,Arctic Monkeys
37i9dQZF1DX2NwU6NbPUdo,Indie Classics,You're Gorgeous,Babybird
37i9dQZF1DX2NwU6NbPUdo,Indie Classics,Asleep In Perfection,Augie March
37i9dQZF1DX2NwU6NbPUdo,Indie Classics,It's Nice To Be Alive,Ball Park Music
37i9dQZF1DX2NwU6NbPUdo,Indie Classics,The Suburbs,Arcade Fire
37i9dQZF1DX2NwU6NbPUdo,Indie Classics,No One's Gonna Love You,Band of Horses
37i9dQZF1DX2NwU6NbPUdo,Indie Classics,Laura,Bat For Lashes
37i9dQZF1DX2NwU6NbPUdo,Indie Classics,Master Of None,Beach House
37i9dQZF1DX2NwU6NbPUdo,Indie Classics,All I Want Is You,Ball Park Music
37i9dQZF1DX2NwU6NbPUdo,Indie Classics,Loser,Beck
37i9dQZF1DX2NwU6NbPUdo,Indie Classics,The Funeral,Band of Horses
37i9dQZF1DX2NwU6NbPUdo,Indie Classics,Chicken Payback,The Bees
37i9dQZF1DX2NwU6NbPUdo,Indie Classics,Myth,Beach House
37i9dQZF1DX2NwU6NbPUdo,Indie Classics,Elephant Gun,Beirut
37i9dQZF1DX2NwU6NbPUdo,Indie Classics,Sexx Laws,Beck
37i9dQZF1DX2NwU6NbPUdo,Indie Classics,The Great Salt Lake,Band of Horses
37i9dQZF1DX2NwU6NbPUdo,Indie Classics,The Boy With The Arab Strap,Belle & Sebastian
37i9dQZF1DX2NwU6NbPUdo,Indie Classics,Zebra,Beach House
37i9dQZF1DX2NwU6NbPUdo,Indie Classics,Nantes,Beirut
37i9dQZF1DX2NwU6NbPUdo,Indie Classics,Debra,Beck
37i9dQZF1DX2NwU6NbPUdo,Indie Classics,Cigarettes Will Kill You,Ben Lee
37i9dQZF1DX2NwU6NbPUdo,Indie Classics,"Step Into My Office, Baby",Belle & Sebastian
37i9dQZF1DX2NwU6NbPUdo,Indie Classics,California Stars,"Billy Bragg, Wilco"
37i9dQZF1DX2NwU6NbPUdo,Indie Classics,Postcards from Italy,Beirut
37i9dQZF1DX2NwU6NbPUdo,Indie Classics,Tropicalia,Beck
37i9dQZF1DX2NwU6NbPUdo,Indie Classics,Nothing Much Happens,Ben Lee
37i9dQZF1DX2NwU6NbPUdo,Indie Classics,"Piazza, New York Catcher",Belle & Sebastian
37i9dQZF1DX2NwU6NbPUdo,Indie Classics,Human Behaviour,Björk
37i9dQZF1DX2NwU6NbPUdo,Indie Classics,Whatever Happened To My Rock 'N' Roll (Punk Song),Black Rebel Motorcycle Club
37i9dQZF1DX2NwU6NbPUdo,Indie Classics,Devils Haircut,Beck
37i9dQZF1DX2NwU6NbPUdo,Indie Classics,"Something Borrowed, Something Blue",Ben Lee
37i9dQZF1DX2NwU6NbPUdo,Indie Classics,Another Sunny Day,Belle & Sebastian
37i9dQZF1DX2NwU6NbPUdo,Indie Classics,Helicopter,Bloc Party
37i9dQZF1DX2NwU6NbPUdo,Indie Classics,Spread Your Love,Black Rebel Motorcycle Club
37i9dQZF1DX2NwU6NbPUdo,Indie Classics,Slight Return,The Bluetones
37i9dQZF1DX2NwU6NbPUdo,Indie Classics,Tender,Blur
37i9dQZF1DX2NwU6NbPUdo,Indie Classics,Funny Little Frog,Belle & Sebastian
37i9dQZF1DX2NwU6NbPUdo,Indie Classics,Banquet,Bloc Party
37i9dQZF1DX2NwU6NbPUdo,Indie Classics,Ain't No Easy Way,Black Rebel Motorcycle Club
37i9dQZF1DX2NwU6NbPUdo,Indie Classics,Always Like This,Bombay Bicycle Club
37i9dQZF1DX2NwU6NbPUdo,Indie Classics,Coffee and TV,Blur
37i9dQZF1DX2NwU6NbPUdo,Indie Classics,Holocene,Bon Iver
37i9dQZF1DX2NwU6NbPUdo,Indie Classics,This Modern Love,Bloc Party
37i9dQZF1DX2NwU6NbPUdo,Indie Classics,An Honest Mistake,The Bravery
37i9dQZF1DX2NwU6NbPUdo,Indie Classics,Cannonball,The Breeders
37i9dQZF1DX2NwU6NbPUdo,Indie Classics,Beetlebum - 2012 Remaster,Blur
37i9dQZF1DX2NwU6NbPUdo,Indie Classics,Flume,Bon Iver
37i9dQZF1DX2NwU6NbPUdo,Indie Classics,I Still Remember,Bloc Party
37i9dQZF1DX2NwU6NbPUdo,Indie Classics,(David Bowie I Love You) Since I Was Six,The Brian Jonestown Massacre
37i9dQZF1DX2NwU6NbPUdo,Indie Classics,Four Winds,Bright Eyes
37i9dQZF1DX2NwU6NbPUdo,Indie Classics,Girls and Boys,Blur
37i9dQZF1DX2NwU6NbPUdo,Indie Classics,Skinny Love,Bon Iver
37i9dQZF1DX2NwU6NbPUdo,Indie Classics,I Can Make You Love Me,British India
37i9dQZF1DX2NwU6NbPUdo,Indie Classics,Straight Up And Down,The Brian Jonestown Massacre
37i9dQZF1DX2NwU6NbPUdo,Indie Classics,Lua,Bright Eyes
37i9dQZF1DX2NwU6NbPUdo,Indie Classics,Charmless Man,Blur
37i9dQZF1DX2NwU6NbPUdo,Indie Classics,Blindsided,Bon Iver
37i9dQZF1DX2NwU6NbPUdo,Indie Classics,The High Road,Broken Bells
37i9dQZF1DX2NwU6NbPUdo,Indie Classics,Anemone,The Brian Jonestown Massacre
37i9dQZF1DX2sUQwD7tbmL,Feel-Good Indie Rock,At It Again,Slow Pulp
37i9dQZF1DX2sUQwD7tbmL,Feel-Good Indie Rock,Head In The Clouds,BabyJake
37i9dQZF1DX2sUQwD7tbmL,Feel-Good Indie Rock,Acting My Age,The Academic
37i9dQZF1DX2sUQwD7tbmL,Feel-Good Indie Rock,Apple Juice,Oscar Lang
37i9dQZF1DX2sUQwD7tbmL,Feel-Good Indie Rock,kerosene,mmmonika
37i9dQZF1DX2sUQwD7tbmL,Feel-Good Indie Rock,Freakin' Out On the Interstate,Briston Maroney
37i9dQZF1DX2sUQwD7tbmL,Feel-Good Indie Rock,Yeah Yeah Yeah,Cayucas
37i9dQZF1DX2sUQwD7tbmL,Feel-Good Indie Rock,Staring Contest,James Ivy
37i9dQZF1DX2sUQwD7tbmL,Feel-Good Indie Rock,HIDE (MYSELF BEHIND YOU),Ron Gallo
37i9dQZF1DX2sUQwD7tbmL,Feel-Good Indie Rock,American Cigarettes,Ben Kweller
37i9dQZF1DX2sUQwD7tbmL,Feel-Good Indie Rock,Ode to a Conversation Stuck in Your Throat,Del Water Gap
37i9dQZF1DX2sUQwD7tbmL,Feel-Good Indie Rock,Balenciaga,New West
37i9dQZF1DX2sUQwD7tbmL,Feel-Good Indie Rock,On My Own,Shamir
37i9dQZF1DX2sUQwD7tbmL,Feel-Good Indie Rock,New Girl,Moscow Apartment
37i9dQZF1DX2sUQwD7tbmL,Feel-Good Indie Rock,Can't Get Out,Woods
37i9dQZF1DX2sUQwD7tbmL,Feel-Good Indie Rock,Better off Alone,Okey Dokey
37i9dQZF1DX2sUQwD7tbmL,Feel-Good Indie Rock,Stay,Future Generations
37i9dQZF1DX2sUQwD7tbmL,Feel-Good Indie Rock,Even If I Tried,Jenny O.
37i9dQZF1DX2sUQwD7tbmL,Feel-Good Indie Rock,Karma,Tipling Rock
37i9dQZF1DX2sUQwD7tbmL,Feel-Good Indie Rock,Spiders,Run River North
37i9dQZF1DX2sUQwD7tbmL,Feel-Good Indie Rock,The Wall & I,Nation of Language
37i9dQZF1DX2sUQwD7tbmL,Feel-Good Indie Rock,Tripping,Stevan
37i9dQZF1DX2sUQwD7tbmL,Feel-Good Indie Rock,Summer,Simpson
37i9dQZF1DX2sUQwD7tbmL,Feel-Good Indie Rock,Don't Go Home,Pet Dress
37i9dQZF1DX2sUQwD7tbmL,Feel-Good Indie Rock,Losing,Little Kid
37i9dQZF1DX2sUQwD7tbmL,Feel-Good Indie Rock,Left Hand Free,alt-J
37i9dQZF1DX2sUQwD7tbmL,Feel-Good Indie Rock,Control,Aaron Taos
37i9dQZF1DX2sUQwD7tbmL,Feel-Good Indie Rock,Making Things,Mild Orange
37i9dQZF1DX2sUQwD7tbmL,Feel-Good Indie Rock,Homage,Mild High Club
37i9dQZF1DX2sUQwD7tbmL,Feel-Good Indie Rock,On Our Own,Lime Cordiale
37i9dQZF1DX2sUQwD7tbmL,Feel-Good Indie Rock,Shane,Fruit Bats
37i9dQZF1DX2sUQwD7tbmL,Feel-Good Indie Rock,Wheel,Katie Von Schleicher
37i9dQZF1DX2sUQwD7tbmL,Feel-Good Indie Rock,This Side of Paradise,JR JR
37i9dQZF1DX2sUQwD7tbmL,Feel-Good Indie Rock,Double Dare,Momma
37i9dQZF1DX2sUQwD7tbmL,Feel-Good Indie Rock,Prisoner of Love,The Undercover Dream Lovers
37i9dQZF1DX2sUQwD7tbmL,Feel-Good Indie Rock,What Have You Got To Lose,The Magic Gang
37i9dQZF1DX2sUQwD7tbmL,Feel-Good Indie Rock,Why You Gotta Do It,Willie J Healey
37i9dQZF1DX2sUQwD7tbmL,Feel-Good Indie Rock,Good Old Days,JR JR
37i9dQZF1DX2sUQwD7tbmL,Feel-Good Indie Rock,Deep Dream,STRFKR
37i9dQZF1DX2sUQwD7tbmL,Feel-Good Indie Rock,Wavy Haze,Born Ruffians
37i9dQZF1DX2sUQwD7tbmL,Feel-Good Indie Rock,One More Song For You,Andrew Applepie
37i9dQZF1DX2sUQwD7tbmL,Feel-Good Indie Rock,Freedom (Yeah Yeah!),San Fermin
37i9dQZF1DX2sUQwD7tbmL,Feel-Good Indie Rock,Puppy Grin,Peach Pit
37i9dQZF1DX2sUQwD7tbmL,Feel-Good Indie Rock,Budapest (feat. Shy Boys),"STRFKR, Shy Boys"
37i9dQZF1DX2sUQwD7tbmL,Feel-Good Indie Rock,I Fall in Love Every Night,Born Ruffians
37i9dQZF1DX2sUQwD7tbmL,Feel-Good Indie Rock,Here's The Thing,Sports Team
37i9dQZF1DX2sUQwD7tbmL,Feel-Good Indie Rock,Bargain Flights,j ember
37i9dQZF1DX2sUQwD7tbmL,Feel-Good Indie Rock,Brian's Movie,Peach Pit
37i9dQZF1DX2sUQwD7tbmL,Feel-Good Indie Rock,Big City Boys - Generationals Remix,"BRONCHO, Generationals"
37i9dQZF1DX2sUQwD7tbmL,Feel-Good Indie Rock,Something to Lose,Quiet Luke
37i9dQZF1DX2sUQwD7tbmL,Feel-Good Indie Rock,Candidate,Ten Fé
37i9dQZF1DX2sUQwD7tbmL,Feel-Good Indie Rock,Move to San Francisco,Circa Waves
37i9dQZF1DX2sUQwD7tbmL,Feel-Good Indie Rock,Fire & Fury,Overcoats
37i9dQZF1DX2sUQwD7tbmL,Feel-Good Indie Rock,Think,The Magic Gang
37i9dQZF1DX2sUQwD7tbmL,Feel-Good Indie Rock,oh GOD,Orla Gartland
37i9dQZF1DX2sUQwD7tbmL,Feel-Good Indie Rock,Peace To All Freaks,of Montreal
37i9dQZF1DX2sUQwD7tbmL,Feel-Good Indie Rock,Reason To Be Reasonable,Peter Bjorn and John
37i9dQZF1DX2sUQwD7tbmL,Feel-Good Indie Rock,#1 Dad,Jonathan Something
37i9dQZF1DX2sUQwD7tbmL,Feel-Good Indie Rock,Listerine,Dayglow
37i9dQZF1DX2sUQwD7tbmL,Feel-Good Indie Rock,To Seattle,Morningsiders
37i9dQZF1DX2sUQwD7tbmL,Feel-Good Indie Rock,If You Could,Harmless
37i9dQZF1DX2sUQwD7tbmL,Feel-Good Indie Rock,Anywhere Is Everywhere,Hello Forever
37i9dQZF1DX2sUQwD7tbmL,Feel-Good Indie Rock,Rusty Nail,Peter Bjorn and John
37i9dQZF1DX2sUQwD7tbmL,Feel-Good Indie Rock,Puppy Llama,Coast Modern
37i9dQZF1DX2sUQwD7tbmL,Feel-Good Indie Rock,Kitsch,Bilderbuch
37i9dQZF1DX2sUQwD7tbmL,Feel-Good Indie Rock,No Giving Up,sir Was
37i9dQZF1DX2sUQwD7tbmL,Feel-Good Indie Rock,Falling Down The Stairs Of Your Smile,The New Pornographers
37i9dQZF1DX2sUQwD7tbmL,Feel-Good Indie Rock,Personal Lies,Djo
37i9dQZF1DX2sUQwD7tbmL,Feel-Good Indie Rock,Take You Back,Purr
37i9dQZF1DX2sUQwD7tbmL,Feel-Good Indie Rock,Stay High,Brittany Howard
37i9dQZF1DX2sUQwD7tbmL,Feel-Good Indie Rock,Mr. Lee,Hovvdy
37i9dQZF1DX2sUQwD7tbmL,Feel-Good Indie Rock,Abaigh's Song,Joy Again
37i9dQZF1DX2sUQwD7tbmL,Feel-Good Indie Rock,Gatekeeper,Generationals
37i9dQZF1DX2sUQwD7tbmL,Feel-Good Indie Rock,Burnout,John Eatherly
37i9dQZF1DX2sUQwD7tbmL,Feel-Good Indie Rock,Gold,HAPPY
37i9dQZF1DX2sUQwD7tbmL,Feel-Good Indie Rock,Repeat,Juniper Park
37i9dQZF1DX2sUQwD7tbmL,Feel-Good Indie Rock,Lavish Living,Carey St
37i9dQZF1DX2sUQwD7tbmL,Feel-Good Indie Rock,The Summer,Freedom Fry
37i9dQZF1DX2sUQwD7tbmL,Feel-Good Indie Rock,Jin Joo,L'aupaire
37i9dQZF1DX2sUQwD7tbmL,Feel-Good Indie Rock,Sunset Chaser,Ragamuffs
37i9dQZF1DX2sUQwD7tbmL,Feel-Good Indie Rock,Mexico,Husbands
37i9dQZF1DX2sUQwD7tbmL,Feel-Good Indie Rock,Hula Hoop Group,Cool Sounds
37i9dQZF1DX2sUQwD7tbmL,Feel-Good Indie Rock,Trust Fall,Wallows
37i9dQZF1DX2sUQwD7tbmL,Feel-Good Indie Rock,One Kind Of Solomon,The New Pornographers
37i9dQZF1DX2sUQwD7tbmL,Feel-Good Indie Rock,Feels Good,"Okey Dokey, Devon Gilfillian"
37i9dQZF1DX2sUQwD7tbmL,Feel-Good Indie Rock,Keep It in Line - Yeasayer Remix,"BRONCHO, Yeasayer"
37i9dQZF1DX2sUQwD7tbmL,Feel-Good Indie Rock,Buttons,meija
37i9dQZF1DX2sUQwD7tbmL,Feel-Good Indie Rock,All Or Nothin,Junior Mesa
37i9dQZF1DX2sUQwD7tbmL,Feel-Good Indie Rock,Is Anybody Anybody?,Cienfue
37i9dQZF1DX2sUQwD7tbmL,Feel-Good Indie Rock,Girl,Girl Ray
37i9dQZF1DX2sUQwD7tbmL,Feel-Good Indie Rock,Pick Up,RAT!hammock
37i9dQZF1DX2sUQwD7tbmL,Feel-Good Indie Rock,Laugh It Off,meija
37i9dQZF1DX2sUQwD7tbmL,Feel-Good Indie Rock,Birch Tree,Strawberry Guy
37i9dQZF1DX2sUQwD7tbmL,Feel-Good Indie Rock,Surf Song,Sean Henry
37i9dQZF1DX2sUQwD7tbmL,Feel-Good Indie Rock,Telescope,Boy & Bear
37i9dQZF1DX2sUQwD7tbmL,Feel-Good Indie Rock,She Plays Bass,beabadoobee
37i9dQZF1DX2sUQwD7tbmL,Feel-Good Indie Rock,"Eat, Sleep, Wake (Nothing But You) - Single Version",Bombay Bicycle Club
37i9dQZF1DX2sUQwD7tbmL,Feel-Good Indie Rock,The Fool,Overcoats
37i9dQZF1DX2sUQwD7tbmL,Feel-Good Indie Rock,Your Girlfriend,Blossoms
37i9dQZF1DX2sUQwD7tbmL,Feel-Good Indie Rock,Prom Queen,Beach Bunny
37i9dQZF1DX2SK4ytI2KAZ,It's ALT Good!,buzz cut,lovelytheband
37i9dQZF1DX2SK4ytI2KAZ,It's ALT Good!,Alaska,Little Hurt
37i9dQZF1DX2SK4ytI2KAZ,It's ALT Good!,Live A Little,Chaz Cardigan
37i9dQZF1DX2SK4ytI2KAZ,It's ALT Good!,Freakin' Out On the Interstate,Briston Maroney
37i9dQZF1DX2SK4ytI2KAZ,It's ALT Good!,Talk Too Much,COIN
37i9dQZF1DX2SK4ytI2KAZ,It's ALT Good!,California,girlfriends
37i9dQZF1DX2SK4ytI2KAZ,It's ALT Good!,I Just Wanna Shine,Fitz and The Tantrums
37i9dQZF1DX2SK4ytI2KAZ,It's ALT Good!,Are You Bored Yet? (feat. Clairo),"Wallows, Clairo"
37i9dQZF1DX2SK4ytI2KAZ,It's ALT Good!,Kilby Girl,The Backseat Lovers
37i9dQZF1DX2SK4ytI2KAZ,It's ALT Good!,Malibu,DD WALKER
37i9dQZF1DX2SK4ytI2KAZ,It's ALT Good!,Better In College (feat. Ashe),"Robert DeLong, Ashe"
37i9dQZF1DX2SK4ytI2KAZ,It's ALT Good!,Out of My Hands,Fox Royale
37i9dQZF1DX2SK4ytI2KAZ,It's ALT Good!,lmho,flor
37i9dQZF1DX2SK4ytI2KAZ,It's ALT Good!,Blood Sugar,Kid Bloom
37i9dQZF1DX2SK4ytI2KAZ,It's ALT Good!,Eyes Wide Shut,girlfriends
37i9dQZF1DX2SK4ytI2KAZ,It's ALT Good!,Hold Me Down,The Happy Fits
37i9dQZF1DX2SK4ytI2KAZ,It's ALT Good!,Drama (feat. Big Data),"NoMBe, Big Data"
37i9dQZF1DX2SK4ytI2KAZ,It's ALT Good!,Closer to the Sun,Betcha
37i9dQZF1DX2SK4ytI2KAZ,It's ALT Good!,Take It Easy,Cisco Adler
37i9dQZF1DX2SK4ytI2KAZ,It's ALT Good!,Come To The Beach,Winnetka Bowling League
37i9dQZF1DX2SK4ytI2KAZ,It's ALT Good!,Waking up the World,Youngblood Hawke
37i9dQZF1DX2SK4ytI2KAZ,It's ALT Good!,Lost In The Wild,WALK THE MOON
37i9dQZF1DX2SK4ytI2KAZ,It's ALT Good!,Sometimes,Apollo Junction
37i9dQZF1DX2SK4ytI2KAZ,It's ALT Good!,WHAT YOU GONNA DO???,"Bastille, Graham Coxon"
37i9dQZF1DX2SK4ytI2KAZ,It's ALT Good!,Hoodie Up,MISSIO
37i9dQZF1DX2SK4ytI2KAZ,It's ALT Good!,Summer Daze,The Orphan The Poet
37i9dQZF1DX2SK4ytI2KAZ,It's ALT Good!,3 small words,MisterWives
37i9dQZF1DX2SK4ytI2KAZ,It's ALT Good!,Nights,Neon Trees
37i9dQZF1DX2SK4ytI2KAZ,It's ALT Good!,Blue,OVERSTREET
37i9dQZF1DX2SK4ytI2KAZ,It's ALT Good!,Faith,Culture Wars
37i9dQZF1DX2SK4ytI2KAZ,It's ALT Good!,Halloween in Summertime,brake
37i9dQZF1DX2SK4ytI2KAZ,It's ALT Good!,Up All Night,Beck
37i9dQZF1DX2SK4ytI2KAZ,It's ALT Good!,Everybody Knows,The Naked And Famous
37i9dQZF1DX2SK4ytI2KAZ,It's ALT Good!,Problematic,TWIN XL
37i9dQZF1DX2SK4ytI2KAZ,It's ALT Good!,Wasting Time,No Love For The Middle Child
37i9dQZF1DX2SK4ytI2KAZ,It's ALT Good!,WONDER,morgxn
37i9dQZF1DX2SK4ytI2KAZ,It's ALT Good!,idwgtyp,lovelytheband
37i9dQZF1DX2SK4ytI2KAZ,It's ALT Good!,High Low,The Unlikely Candidates
37i9dQZF1DX2SK4ytI2KAZ,It's ALT Good!,Do You Really Wanna Know?,Sea Girls
37i9dQZF1DX2SK4ytI2KAZ,It's ALT Good!,Preach,Saint Motel
37i9dQZF1DX2SK4ytI2KAZ,It's ALT Good!,Kubes,machinegum
37i9dQZF1DX2SK4ytI2KAZ,It's ALT Good!,On Our Own,Lime Cordiale
37i9dQZF1DX2SK4ytI2KAZ,It's ALT Good!,Melt,TWIN XL
37i9dQZF1DX2SK4ytI2KAZ,It's ALT Good!,Role Model,"daysormay, Tessa Violet"
37i9dQZF1DX2SK4ytI2KAZ,It's ALT Good!,New Best Friend,Neon Trees
37i9dQZF1DX2SK4ytI2KAZ,It's ALT Good!,Summer of Love,Kids In America
37i9dQZF1DX2SK4ytI2KAZ,It's ALT Good!,Good Old Days,JR JR
37i9dQZF1DX2SK4ytI2KAZ,It's ALT Good!,weird!,YUNGBLUD
37i9dQZF1DX2SK4ytI2KAZ,It's ALT Good!,Manta Rays,chloe moriondo
37i9dQZF1DX2SK4ytI2KAZ,It's ALT Good!,SUPERBLOOM,MisterWives
37i9dQZF1DX2SK4ytI2KAZ,It's ALT Good!,February,No Love For The Middle Child
37i9dQZF1DX2SK4ytI2KAZ,It's ALT Good!,Nothing To Lose,Saint Nomad
37i9dQZF1DX2SK4ytI2KAZ,It's ALT Good!,Pretty Lady,Tash Sultana
37i9dQZF1DX2SK4ytI2KAZ,It's ALT Good!,Zen (with K.Flay & grandson),"X Ambassadors, K.Flay, grandson"
37i9dQZF1DX2SK4ytI2KAZ,It's ALT Good!,Strangers,Mt. Joy
37i9dQZF1DX2SK4ytI2KAZ,It's ALT Good!,Hometown Heroes,Moon Taxi
37i9dQZF1DX2SK4ytI2KAZ,It's ALT Good!,Not OK!,Chaz Cardigan
37i9dQZF1DX2SK4ytI2KAZ,It's ALT Good!,15 Years,Vistas
37i9dQZF1DX2SK4ytI2KAZ,It's ALT Good!,Cemetery,COIN
37i9dQZF1DX2SK4ytI2KAZ,It's ALT Good!,Coming Up Short,BLOXX
37i9dQZF1DX2SK4ytI2KAZ,It's ALT Good!,Dead Horse,Hayley Williams
37i9dQZF1DX2SK4ytI2KAZ,It's ALT Good!,Summertime,OVERSTREET
37i9dQZF1DX2SK4ytI2KAZ,It's ALT Good!,Shine,Jagwar Twin
37i9dQZF1DX2SK4ytI2KAZ,It's ALT Good!,Upside Down,Mondo Cozmo
37i9dQZF1DX2SK4ytI2KAZ,It's ALT Good!,Level of Concern,Twenty One Pilots
37i9dQZF1DX2SK4ytI2KAZ,It's ALT Good!,Yellow Brick Road,Dylan Cartlidge
37i9dQZF1DX2SK4ytI2KAZ,It's ALT Good!,Give A Little Bit More (Disaster),Bleeker
37i9dQZF1DX2SK4ytI2KAZ,It's ALT Good!,OK OK,HOKO
37i9dQZF1DX2SK4ytI2KAZ,It's ALT Good!,Grind (feat. Yoshi Flower),"Soleima, Yoshi Flower"
37i9dQZF1DX2SK4ytI2KAZ,It's ALT Good!,Bad Vacation,Liza Anne
37i9dQZF1DX2SK4ytI2KAZ,It's ALT Good!,Pearls,Mo Lowda & the Humble
37i9dQZF1DX2SK4ytI2KAZ,It's ALT Good!,Deleter,Grouplove
37i9dQZF1DX2SK4ytI2KAZ,It's ALT Good!,If That's Alright,Betcha
37i9dQZF1DX2SK4ytI2KAZ,It's ALT Good!,Strange Clouds,ufo ufo
37i9dQZF1DX2SK4ytI2KAZ,It's ALT Good!,Pedestal,Phantogram
37i9dQZF1DX2SK4ytI2KAZ,It's ALT Good!,Daydream,The Aces
37i9dQZF1DX2SK4ytI2KAZ,It's ALT Good!,Caught In The Middle,Half the Animal
37i9dQZF1DX2SK4ytI2KAZ,It's ALT Good!,loneliness for love,lovelytheband
37i9dQZF1DX2SK4ytI2KAZ,It's ALT Good!,Your Girlfriend,Blossoms
37i9dQZF1DX2SK4ytI2KAZ,It's ALT Good!,Wasting Time,The Mowgli's
37i9dQZF1DX2SK4ytI2KAZ,It's ALT Good!,Is It Real,Bombay Bicycle Club
37i9dQZF1DX2SK4ytI2KAZ,It's ALT Good!,Ready For More,Sea Girls
37i9dQZF1DX2SK4ytI2KAZ,It's ALT Good!,We Have To Move On,Inhaler
37i9dQZF1DX2SK4ytI2KAZ,It's ALT Good!,melancholyism.,Super Whatevr
37i9dQZF1DX2SK4ytI2KAZ,It's ALT Good!,Go Easy,Matt Maeson
37i9dQZF1DX2SK4ytI2KAZ,It's ALT Good!,Half Your Age,Joywave
37i9dQZF1DX2SK4ytI2KAZ,It's ALT Good!,Misery,Michigander
37i9dQZF1DX2SK4ytI2KAZ,It's ALT Good!,Used To Like,Neon Trees
37i9dQZF1DX2SK4ytI2KAZ,It's ALT Good!,Surefire,Wilderado
37i9dQZF1DX2SK4ytI2KAZ,It's ALT Good!,Hardcore,Love Fame Tragedy
37i9dQZF1DX2SK4ytI2KAZ,It's ALT Good!,Disaster Party,MAGIC GIANT
37i9dQZF1DX2SK4ytI2KAZ,It's ALT Good!,Van Horn,Saint Motel
37i9dQZF1DX2SK4ytI2KAZ,It's ALT Good!,Burnout,John Eatherly
37i9dQZF1DX2SK4ytI2KAZ,It's ALT Good!,Daphne Blue,The Band CAMINO
37i9dQZF1DX2SK4ytI2KAZ,It's ALT Good!,More,Yoshi Flower
37i9dQZF1DX2SK4ytI2KAZ,It's ALT Good!,Baby Blue,Grayscale
37i9dQZF1DX2SK4ytI2KAZ,It's ALT Good!,Alright (frick it!),Judah & the Lion
37i9dQZF1DX2SK4ytI2KAZ,It's ALT Good!,Good,TWIN XL
37i9dQZF1DX2SK4ytI2KAZ,It's ALT Good!,home ft. WALK THE MOON,"morgxn, WALK THE MOON"
37i9dQZF1DX2SK4ytI2KAZ,It's ALT Good!,Electrified,Just Loud
37i9dQZF1DWVV27DiNWxkR,Sad Indie,Mystery of Love,Sufjan Stevens
37i9dQZF1DWVV27DiNWxkR,Sad Indie,The Night We Met,Lord Huron
37i9dQZF1DWVV27DiNWxkR,Sad Indie,when the party's over,Billie Eilish
37i9dQZF1DWVV27DiNWxkR,Sad Indie,I Know The End,Phoebe Bridgers
37i9dQZF1DWVV27DiNWxkR,Sad Indie,Unmoved (A Black Woman Truth),Ayoni
37i9dQZF1DWVV27DiNWxkR,Sad Indie,Youth,Daughter
37i9dQZF1DWVV27DiNWxkR,Sad Indie,Wait,M83
37i9dQZF1DWVV27DiNWxkR,Sad Indie,Between the Bars,Elliott Smith
37i9dQZF1DWVV27DiNWxkR,Sad Indie,9 Crimes,Damien Rice
37i9dQZF1DWVV27DiNWxkR,Sad Indie,High And Dry,Radiohead
37i9dQZF1DWVV27DiNWxkR,Sad Indie,Rivers And Roads,The Head and the Heart
37i9dQZF1DWVV27DiNWxkR,Sad Indie,Somebody Else,The 1975
37i9dQZF1DWVV27DiNWxkR,Sad Indie,Going Going,Bartees Strange
37i9dQZF1DWVV27DiNWxkR,Sad Indie,September Song,Agnes Obel
37i9dQZF1DWVV27DiNWxkR,Sad Indie,hope is a dangerous thing for a woman like me to have - but I have it,Lana Del Rey
37i9dQZF1DWVV27DiNWxkR,Sad Indie,I Need My Girl,The National
37i9dQZF1DWVV27DiNWxkR,Sad Indie,Funeral,Phoebe Bridgers
37i9dQZF1DWVV27DiNWxkR,Sad Indie,Lua,Bright Eyes
37i9dQZF1DWVV27DiNWxkR,Sad Indie,Santa Barbara,Angelo De Augustine
37i9dQZF1DWVV27DiNWxkR,Sad Indie,I'm God,"Clams Casino, Imogen Heap"
37i9dQZF1DWVV27DiNWxkR,Sad Indie,Berlin,RY X
37i9dQZF1DWVV27DiNWxkR,Sad Indie,Touch,Cigarettes After Sex
37i9dQZF1DWVV27DiNWxkR,Sad Indie,To Be Alone With You,Sufjan Stevens
37i9dQZF1DWVV27DiNWxkR,Sad Indie,Tomb,Angelo De Augustine
37i9dQZF1DWVV27DiNWxkR,Sad Indie,Ghost Town,First Aid Kit
37i9dQZF1DWVV27DiNWxkR,Sad Indie,Jason,Perfume Genius
37i9dQZF1DWVV27DiNWxkR,Sad Indie,boy with the winfields and the wild heart,flowerkid
37i9dQZF1DWVV27DiNWxkR,Sad Indie,Don't Miss It,James Blake
37i9dQZF1DWVV27DiNWxkR,Sad Indie,Garden Song,Phoebe Bridgers
37i9dQZF1DWVV27DiNWxkR,Sad Indie,cold/mess,Prateek Kuhad
37i9dQZF1DWVV27DiNWxkR,Sad Indie,"People, I've been sad",Christine and the Queens
37i9dQZF1DWVV27DiNWxkR,Sad Indie,Holocene,Bon Iver
37i9dQZF1DWVV27DiNWxkR,Sad Indie,Angeles,Elliott Smith
37i9dQZF1DWVV27DiNWxkR,Sad Indie,Vanishing Twin,Blake Mills
37i9dQZF1DWVV27DiNWxkR,Sad Indie,Wasting My Young Years,London Grammar
37i9dQZF1DWVV27DiNWxkR,Sad Indie,Persona Non Grata,Bright Eyes
37i9dQZF1DWVV27DiNWxkR,Sad Indie,Used To Be Lonely,Whitney
37i9dQZF1DWVV27DiNWxkR,Sad Indie,New Shoes,Overcoats
37i9dQZF1DWVV27DiNWxkR,Sad Indie,Light Years,The National
37i9dQZF1DWVV27DiNWxkR,Sad Indie,circle the drain,Soccer Mommy
37i9dQZF1DWVV27DiNWxkR,Sad Indie,Paradis Perdus,Christine and the Queens
37i9dQZF1DWVV27DiNWxkR,Sad Indie,California (Prius Edition),"Petey, Miya Folick"
37i9dQZF1DWVV27DiNWxkR,Sad Indie,I Forget Where We Were,Ben Howard
37i9dQZF1DWVV27DiNWxkR,Sad Indie,Chewing Cotton Wool,The Japanese House
37i9dQZF1DWVV27DiNWxkR,Sad Indie,Jesus Christ 2005 God Bless America,The 1975
37i9dQZF1DWVV27DiNWxkR,Sad Indie,Permanent Way,Charlie Cunningham
37i9dQZF1DWVV27DiNWxkR,Sad Indie,The Past And Pending,The Shins
37i9dQZF1DWVV27DiNWxkR,Sad Indie,some more good news (that's all we need),Blaenavon
37i9dQZF1DWVV27DiNWxkR,Sad Indie,Tiger Mountain Peasant Song,Fleet Foxes
37i9dQZF1DWVV27DiNWxkR,Sad Indie,Lilo,The Japanese House
37i9dQZF1DWVV27DiNWxkR,Sad Indie,Retrograde,James Blake
37i9dQZF1DWVV27DiNWxkR,Sad Indie,Godmanchester Chinese Bridge - Radio Edit,The Howl & The Hum
37i9dQZF1DWVV27DiNWxkR,Sad Indie,Lonely Shade of Blue,Nick Leng
37i9dQZF1DWVV27DiNWxkR,Sad Indie,Adele,Tapes
37i9dQZF1DWVV27DiNWxkR,Sad Indie,You Don't Know How Lucky You Are,Keaton Henson
37i9dQZF1DWVV27DiNWxkR,Sad Indie,Otherside,Perfume Genius
37i9dQZF1DWVV27DiNWxkR,Sad Indie,Dinosaur,Fog Lake
37i9dQZF1DWVV27DiNWxkR,Sad Indie,Romance - Edit,Ex:Re
37i9dQZF1DWVV27DiNWxkR,Sad Indie,See Me,Talos
37i9dQZF1DWVV27DiNWxkR,Sad Indie,parties,Elizabeth
37i9dQZF1DWVV27DiNWxkR,Sad Indie,Bobby,beabadoobee
37i9dQZF1DWVV27DiNWxkR,Sad Indie,Stay With Me - Live From Spotify Berlin,Angus & Julia Stone
37i9dQZF1DWVV27DiNWxkR,Sad Indie,Rose Petals,S. Carey
37i9dQZF1DWVV27DiNWxkR,Sad Indie,Bashed Out,This Is The Kit
37i9dQZF1DWVV27DiNWxkR,Sad Indie,Horizon,Aldous Harding
37i9dQZF1DWVV27DiNWxkR,Sad Indie,Andromeda,Weyes Blood
37i9dQZF1DWVV27DiNWxkR,Sad Indie,All Mirrors,Angel Olsen
37i9dQZF1DWVV27DiNWxkR,Sad Indie,Binary Love,Tommy
37i9dQZF1DWVV27DiNWxkR,Sad Indie,Cavalier,James Vincent McMorrow
37i9dQZF1DWVV27DiNWxkR,Sad Indie,Milk,Samia
37i9dQZF1DWVV27DiNWxkR,Sad Indie,I'm on Fire,Soccer Mommy
37i9dQZF1DWVV27DiNWxkR,Sad Indie,Valentine,Luna Delirious
37i9dQZF1DWVV27DiNWxkR,Sad Indie,Night Shift,Lucy Dacus
37i9dQZF1DWVV27DiNWxkR,Sad Indie,Live,Billie Marten
37i9dQZF1DWVV27DiNWxkR,Sad Indie,Hypocrite,Smoothboi Ezra
37i9dQZF1DWVV27DiNWxkR,Sad Indie,First Prize Bravery,Sorcha Richardson
37i9dQZF1DWVV27DiNWxkR,Sad Indie,Bony Shelter,Many Voices Speak
37i9dQZF1DWVV27DiNWxkR,Sad Indie,Stranger Still - Acoustic,Blossoms
37i9dQZF1DWVV27DiNWxkR,Sad Indie,To the Moon,Junodream
37i9dQZF1DWVV27DiNWxkR,Sad Indie,Corpses,Saint Sister
37i9dQZF1DWVV27DiNWxkR,Sad Indie,Furious,Jade Bird
37i9dQZF1DWVV27DiNWxkR,Sad Indie,Wind Up Bird,Pet Deaths
37i9dQZF1DWVV27DiNWxkR,Sad Indie,Miss Misanthrope,Jealous of the Birds
37i9dQZF1DWVV27DiNWxkR,Sad Indie,The Grate,Rose Cousins
37i9dQZF1DWVV27DiNWxkR,Sad Indie,The Last Great Washington State,Damien Jurado
37i9dQZF1DWVV27DiNWxkR,Sad Indie,This Time Around,Jessica Pratt
37i9dQZF1DWVV27DiNWxkR,Sad Indie,I'll Be Around,Yo La Tengo
37i9dQZF1DWVV27DiNWxkR,Sad Indie,My Blood Will Call out to You from the Ground,"Micah P. Hinson, The Musicians of the Apocalypse"
37i9dQZF1DWVV27DiNWxkR,Sad Indie,Jim Cain,Bill Callahan
37i9dQZF1DWVV27DiNWxkR,Sad Indie,the party,Ada Lea
37i9dQZF1DWZ36WmBvUunS,Indie Mixtape,Can I Call You Tonight?,Dayglow
37i9dQZF1DWZ36WmBvUunS,Indie Mixtape,"Cheesin’ (with Cautious Clay, Remi Wolf, Still Woozy, Sophie Meiers, Claud, Melanie Faye, & HXNS)","Cautious Clay, Remi Wolf, sophie meiers, Still Woozy, Claud, Melanie Faye, HXNS"
37i9dQZF1DWZ36WmBvUunS,Indie Mixtape,Electric Love,BØRNS
37i9dQZF1DWZ36WmBvUunS,Indie Mixtape,Stuck in the Middle,Tai Verdes
37i9dQZF1DWZ36WmBvUunS,Indie Mixtape,Sofia,Clairo
37i9dQZF1DWZ36WmBvUunS,Indie Mixtape,Criminals,DMA'S
37i9dQZF1DWZ36WmBvUunS,Indie Mixtape,Call You Out,deryk
37i9dQZF1DWZ36WmBvUunS,Indie Mixtape,Everything,"Olive Amun, Ashley Alexander"
37i9dQZF1DWZ36WmBvUunS,Indie Mixtape,Am I High Rn (feat. blackbear),"Quinn XCII, blackbear"
37i9dQZF1DWZ36WmBvUunS,Indie Mixtape,Pick Me,Wafia
37i9dQZF1DWZ36WmBvUunS,Indie Mixtape,Are You Even Real?,James Blake
37i9dQZF1DWZ36WmBvUunS,Indie Mixtape,Twisting Words,Miiesha
37i9dQZF1DWZ36WmBvUunS,Indie Mixtape,Renee,SALES
37i9dQZF1DWZ36WmBvUunS,Indie Mixtape,everything i wanted,Billie Eilish
37i9dQZF1DWZ36WmBvUunS,Indie Mixtape,No Ordinary Life,Matt Corby
37i9dQZF1DWZ36WmBvUunS,Indie Mixtape,Lava,Still Woozy
37i9dQZF1DWZ36WmBvUunS,Indie Mixtape,Confidence,Ocean Alley
37i9dQZF1DWZ36WmBvUunS,Indie Mixtape,Never Ever (feat. Sarah),"The Rubens, Sarah"
37i9dQZF1DWZ36WmBvUunS,Indie Mixtape,Pussy Is God,King Princess
37i9dQZF1DWZ36WmBvUunS,Indie Mixtape,Miracle Love,Matt Corby
37i9dQZF1DWZ36WmBvUunS,Indie Mixtape,Habit,Still Woozy
37i9dQZF1DWZ36WmBvUunS,Indie Mixtape,Clumsy Love,Thelma Plum
37i9dQZF1DWZ36WmBvUunS,Indie Mixtape,God Forgot,The Rubens
37i9dQZF1DWZ36WmBvUunS,Indie Mixtape,Ballroom,Jack River
37i9dQZF1DWZ36WmBvUunS,Indie Mixtape,Tricks,Stella Donnelly
37i9dQZF1DWZ36WmBvUunS,Indie Mixtape,all the good girls go to hell,Billie Eilish
37i9dQZF1DWZ36WmBvUunS,Indie Mixtape,Good for You,Spacey Jane
37i9dQZF1DWZ36WmBvUunS,Indie Mixtape,Friends,"Flume, Reo Cragun"
37i9dQZF1DWZ36WmBvUunS,Indie Mixtape,Confess,Jack River
37i9dQZF1DWZ36WmBvUunS,Indie Mixtape,Old Man,Stella Donnelly
37i9dQZF1DWZ36WmBvUunS,Indie Mixtape,Evil Spider,BENEE
37i9dQZF1DWZ36WmBvUunS,Indie Mixtape,i love you,Billie Eilish
37i9dQZF1DWZ36WmBvUunS,Indie Mixtape,Rushing Back,"Flume, Vera Blue"
37i9dQZF1DWZ36WmBvUunS,Indie Mixtape,Fool's Gold,Jack River
37i9dQZF1DWZ36WmBvUunS,Indie Mixtape,My Hands,Running Touch
37i9dQZF1DWZ36WmBvUunS,Indie Mixtape,It's Love (feat. Matthew Young),"Cosmo's Midnight, Matthew Young"
37i9dQZF1DWZ36WmBvUunS,Indie Mixtape,Smile,Winston Surfshirt
37i9dQZF1DWZ36WmBvUunS,Indie Mixtape,Party Pill,Cub Sport
37i9dQZF1DWZ36WmBvUunS,Indie Mixtape,Lover,G Flip
37i9dQZF1DWZ36WmBvUunS,Indie Mixtape,Laugh It Off,Chelsea Jade
37i9dQZF1DWZ36WmBvUunS,Indie Mixtape,In Camera,Yumi Zouma
37i9dQZF1DWZ36WmBvUunS,Indie Mixtape,Stay With Me,Hatchie
37i9dQZF1DWZ36WmBvUunS,Indie Mixtape,Sometimes,Cub Sport
37i9dQZF1DWZ36WmBvUunS,Indie Mixtape,Drink Too Much,G Flip
37i9dQZF1DWZ36WmBvUunS,Indie Mixtape,Take It Easy,Surfaces
37i9dQZF1DWZ36WmBvUunS,Indie Mixtape,Right Track / Wrong Man,Yumi Zouma
37i9dQZF1DWZ36WmBvUunS,Indie Mixtape,Time,Childish Gambino
37i9dQZF1DWZ36WmBvUunS,Indie Mixtape,Hearts in Halves,Cub Sport
37i9dQZF1DWZ36WmBvUunS,Indie Mixtape,Breathe Deeper,Tame Impala
37i9dQZF1DWZ36WmBvUunS,Indie Mixtape,Texas Sun,"Khruangbin, Leon Bridges"
37i9dQZF1DWZ36WmBvUunS,Indie Mixtape,Cool For A Second,Yumi Zouma
37i9dQZF1DWZ36WmBvUunS,Indie Mixtape,Softly,Clairo
37i9dQZF1DWZ36WmBvUunS,Indie Mixtape,medicine,Balu Brigada
37i9dQZF1DWZ36WmBvUunS,Indie Mixtape,Lost In Yesterday,Tame Impala
37i9dQZF1DWZ36WmBvUunS,Indie Mixtape,Circles,George Alice
37i9dQZF1DWZ36WmBvUunS,Indie Mixtape,Groceries,Mallrat
37i9dQZF1DWZ36WmBvUunS,Indie Mixtape,Heavy Hearted,The Jungle Giants
37i9dQZF1DWZ36WmBvUunS,Indie Mixtape,Reasons,San Cisco
37i9dQZF1DWZ36WmBvUunS,Indie Mixtape,Your Love (Déjà Vu),Glass Animals
37i9dQZF1DWZ36WmBvUunS,Indie Mixtape,Weekend Friend,Goth Babe
37i9dQZF1DWZ36WmBvUunS,Indie Mixtape,Hell N Back,Bakar
37i9dQZF1DWZ36WmBvUunS,Indie Mixtape,Dizzy,Azure Ryder
37i9dQZF1DWZ36WmBvUunS,Indie Mixtape,Don't Need You,Genesis Owusu
37i9dQZF1DWZ36WmBvUunS,Indie Mixtape,Dreamland,Glass Animals
37i9dQZF1DWZ36WmBvUunS,Indie Mixtape,No More Regrets,Stevan
37i9dQZF1DWZ36WmBvUunS,Indie Mixtape,Sandwiches - aO2Sk Mix,Gordi
37i9dQZF1DWZ36WmBvUunS,Indie Mixtape,PDLIF,Bon Iver
37i9dQZF1DWZ36WmBvUunS,Indie Mixtape,Dear April (Side A - Acoustic),Frank Ocean
37i9dQZF1DWZ36WmBvUunS,Indie Mixtape,Summertime In Paris,"Jaden, WILLOW"
37i9dQZF1DWZ36WmBvUunS,Indie Mixtape,Love You For A Long Time,Maggie Rogers
37i9dQZF1DXaSblS9x0FYr,Alternative FM,Big Jet Plane,Angus & Julia Stone
37i9dQZF1DXaSblS9x0FYr,Alternative FM,Why'd You Only Call Me When You're High?,Arctic Monkeys
37i9dQZF1DXaSblS9x0FYr,Alternative FM,Peach,Broods
37i9dQZF1DXaSblS9x0FYr,Alternative FM,Lights & Music,Cut Copy
37i9dQZF1DXaSblS9x0FYr,Alternative FM,My Head Is A Jungle - MK Remix - Radio Edit,"Wankelmut, Emma Louise, MK"
37i9dQZF1DXaSblS9x0FYr,Alternative FM,Walking On A Dream,Empire of the Sun
37i9dQZF1DXaSblS9x0FYr,Alternative FM,Crave You,"Flight Facilities, Giselle"
37i9dQZF1DXaSblS9x0FYr,Alternative FM,Dog Days Are Over,Florence + The Machine
37i9dQZF1DXaSblS9x0FYr,Alternative FM,Mountain at My Gates,Foals
37i9dQZF1DXaSblS9x0FYr,Alternative FM,Pumped Up Kicks,Foster The People
37i9dQZF1DXaSblS9x0FYr,Alternative FM,What Can I Do If the Fire Goes Out?,Gang of Youths
37i9dQZF1DXaSblS9x0FYr,Alternative FM,Flesh without Blood,Grimes
37i9dQZF1DXaSblS9x0FYr,Alternative FM,Royals,Lorde
37i9dQZF1DXaSblS9x0FYr,Alternative FM,Electric Feel,MGMT
37i9dQZF1DXaSblS9x0FYr,Alternative FM,Nothing Breaks Like a Heart (feat. Miley Cyrus),"Mark Ronson, Miley Cyrus"
37i9dQZF1DXaSblS9x0FYr,Alternative FM,Low Blows,Meg Mac
37i9dQZF1DXaSblS9x0FYr,Alternative FM,Ubu,Methyl Ethel
37i9dQZF1DXaSblS9x0FYr,Alternative FM,Team,Lorde
37i9dQZF1DXaSblS9x0FYr,Alternative FM,Knees,Ocean Alley
37i9dQZF1DXaSblS9x0FYr,Alternative FM,Lisztomania,Phoenix
37i9dQZF1DXaSblS9x0FYr,Alternative FM,Weird Fishes/ Arpeggi,Radiohead
37i9dQZF1DXaSblS9x0FYr,Alternative FM,Awkward,San Cisco
37i9dQZF1DXaSblS9x0FYr,Alternative FM,We Won't Run,Sarah Blasko
37i9dQZF1DXaSblS9x0FYr,Alternative FM,Let It Happen,Tame Impala
37i9dQZF1DXaSblS9x0FYr,Alternative FM,Bohemian Like You,The Dandy Warhols
37i9dQZF1DXaSblS9x0FYr,Alternative FM,When You Were Young,The Killers
37i9dQZF1DXaSblS9x0FYr,Alternative FM,Young Blood,The Naked And Famous
37i9dQZF1DXaSblS9x0FYr,Alternative FM,Hoops,The Rubens
37i9dQZF1DXaSblS9x0FYr,Alternative FM,On Hold,The xx
37i9dQZF1DXaSblS9x0FYr,Alternative FM,Unbelievers,Vampire Weekend
37i9dQZF1DXaSblS9x0FYr,Alternative FM,Saramona Said,Violent Soho
37i9dQZF1DXaSblS9x0FYr,Alternative FM,Join the Club,Hockey Dad
37i9dQZF1DXaSblS9x0FYr,Alternative FM,Got On My Skateboard,Skegss
37i9dQZF1DXaSblS9x0FYr,Alternative FM,Scott Green,Dune Rats
37i9dQZF1DXaSblS9x0FYr,Alternative FM,Dinosaurs,Ruby Fields
37i9dQZF1DXaSblS9x0FYr,Alternative FM,Heads Will Roll,Yeah Yeah Yeahs
37i9dQZF1DXaSblS9x0FYr,Alternative FM,Boys Like You,"360, Gossling"
37i9dQZF1DXaSblS9x0FYr,Alternative FM,Sundress,A$AP Rocky
37i9dQZF1DXaSblS9x0FYr,Alternative FM,January 26,"A.B. Original, Dan Sultan"
37i9dQZF1DXaSblS9x0FYr,Alternative FM,P Plates,Ruby Fields
37i9dQZF1DXaSblS9x0FYr,Alternative FM,Teenage Crime - Radio Edit,Adrian Lux
37i9dQZF1DXaSblS9x0FYr,Alternative FM,Hold On,Alabama Shakes
37i9dQZF1DXaSblS9x0FYr,Alternative FM,Every Day’s The Weekend,Alex Lahey
37i9dQZF1DXaSblS9x0FYr,Alternative FM,Church,Alison Wonderland
37i9dQZF1DXaSblS9x0FYr,Alternative FM,Gasoline,Alpine
37i9dQZF1DXaSblS9x0FYr,Alternative FM,Baby I Am Nobody Now,Andy Bull
37i9dQZF1DXaSblS9x0FYr,Alternative FM,Slow Mover,Angie McMahon
37i9dQZF1DXaSblS9x0FYr,Alternative FM,Everything Now,Arcade Fire
37i9dQZF1DXaSblS9x0FYr,Alternative FM,King And Cross,Ásgeir
37i9dQZF1DXaSblS9x0FYr,Alternative FM,Dynamite (feat. Allday),"Asta, Allday"
37i9dQZF1DXaSblS9x0FYr,Alternative FM,Because I'm Me,The Avalanches
37i9dQZF1DXaSblS9x0FYr,Alternative FM,Shooting Stars,Bag Raiders
37i9dQZF1DXaSblS9x0FYr,Alternative FM,The Suburbs,Arcade Fire
37i9dQZF1DXaSblS9x0FYr,Alternative FM,Cool As Hell,Baker Boy
37i9dQZF1DXaSblS9x0FYr,Alternative FM,Catch My Disease,Ben Lee
37i9dQZF1DXaSblS9x0FYr,Alternative FM,The Opposite of Us,Big Scary
37i9dQZF1DXaSblS9x0FYr,Alternative FM,Down By The River,Bliss n Eso
37i9dQZF1DXaSblS9x0FYr,Alternative FM,Southern Sun,Boy & Bear
37i9dQZF1DXaSblS9x0FYr,Alternative FM,An Honest Mistake,The Bravery
37i9dQZF1DXaSblS9x0FYr,Alternative FM,Acceptable in the 80's,Calvin Harris
37i9dQZF1DXaSblS9x0FYr,Alternative FM,Hello,The Cat Empire
37i9dQZF1DXaSblS9x0FYr,Alternative FM,Soundcheck,Catfish and the Bottlemen
37i9dQZF1DXaSblS9x0FYr,Alternative FM,All Night (feat. Knox Fortune),"Chance the Rapper, Knox Fortune"
37i9dQZF1DXaSblS9x0FYr,Alternative FM,Galvanize,The Chemical Brothers
37i9dQZF1DXaSblS9x0FYr,Alternative FM,3005,Childish Gambino
37i9dQZF1DXaSblS9x0FYr,Alternative FM,Fragile Bird,City and Colour
37i9dQZF1DXaSblS9x0FYr,Alternative FM,World Of Our Love,Client Liaison
37i9dQZF1DXaSblS9x0FYr,Alternative FM,Love This,Cosmo Jarvis
37i9dQZF1DXaSblS9x0FYr,Alternative FM,Pedestrian At Best,Courtney Barnett
37i9dQZF1DXaSblS9x0FYr,Alternative FM,Redbone,Childish Gambino
37i9dQZF1DXaSblS9x0FYr,Alternative FM,Get Lucky (feat. Pharrell Williams & Nile Rodgers) - Radio Edit,"Daft Punk, Pharrell Williams, Nile Rodgers"
37i9dQZF1DXaSblS9x0FYr,Alternative FM,Pogo,Digitalism
37i9dQZF1DXaSblS9x0FYr,Alternative FM,Marinade,DOPE LEMON
37i9dQZF1DXaSblS9x0FYr,Alternative FM,Home,Edward Sharpe & The Magnetic Zeros
37i9dQZF1DXaSblS9x0FYr,Alternative FM,Jungle Drum,Emilíana Torrini
37i9dQZF1DXaSblS9x0FYr,Alternative FM,"Black Fingernails, Red Wine",Eskimo Joe
37i9dQZF1DXaSblS9x0FYr,Alternative FM,This Heart Attack,Faker
37i9dQZF1DXaSblS9x0FYr,Alternative FM,My Silver Lining,First Aid Kit
37i9dQZF1DXaSblS9x0FYr,Alternative FM,Lost,Frank Ocean
37i9dQZF1DXaSblS9x0FYr,Alternative FM,Seasons (Waiting On You),Future Islands
37i9dQZF1DXaSblS9x0FYr,Alternative FM,Gooey,Glass Animals
37i9dQZF1DXaSblS9x0FYr,Alternative FM,Wolfie (feat. Julia Stone),"Golden Features, Julia Stone"
37i9dQZF1DXaSblS9x0FYr,Alternative FM,Tongue Tied,Grouplove
37i9dQZF1DXaSblS9x0FYr,Alternative FM,Jona Vark,Gypsy & The Cat
37i9dQZF1DXaSblS9x0FYr,Alternative FM,True Lovers,Holy Holy
37i9dQZF1DXaSblS9x0FYr,Alternative FM,Over And Over,Hot Chip
37i9dQZF1DXaSblS9x0FYr,Alternative FM,Tightrope,Illy
37i9dQZF1DXaSblS9x0FYr,Alternative FM,Sticks 'N' Stones,Jamie T
37i9dQZF1DXaSblS9x0FYr,Alternative FM,Busy Earnin',Jungle
37i9dQZF1DXaSblS9x0FYr,Alternative FM,Used to Be in Love,The Jungle Giants
37i9dQZF1DXaSblS9x0FYr,Alternative FM,Second Hand Car,Kim Churchill
37i9dQZF1DXaSblS9x0FYr,Alternative FM,Gamma Knife,King Gizzard & The Lizard Wizard
37i9dQZF1DXaSblS9x0FYr,Alternative FM,1950,King Princess
37i9dQZF1DXaSblS9x0FYr,Alternative FM,All My Friends,LCD Soundsystem
37i9dQZF1DXaSblS9x0FYr,Alternative FM,She's a Riot,The Jungle Giants
37i9dQZF1DXaSblS9x0FYr,Alternative FM,Rock It,Little Red
37i9dQZF1DXaSblS9x0FYr,Alternative FM,Dirty Jeans,Magic Dirt
37i9dQZF1DXaSblS9x0FYr,Alternative FM,Groceries,Mallrat
37i9dQZF1DXaSblS9x0FYr,Alternative FM,Daft Punk Is Playing at My House,LCD Soundsystem
37i9dQZF1DXaSblS9x0FYr,Alternative FM,The Trouble with Us,"Marcus Marr, Chet Faker"
37i9dQZF1DWWEcRhUVtL8n,Indie Pop,Lost in Translation,The Neighbourhood
37i9dQZF1DWWEcRhUVtL8n,Indie Pop,Dangerous,david hugo
37i9dQZF1DWWEcRhUVtL8n,Indie Pop,Someone Else’s Dream,Absofacto
37i9dQZF1DWWEcRhUVtL8n,Indie Pop,Sofia,Clairo
37i9dQZF1DWWEcRhUVtL8n,Indie Pop,Average Joe,Oscar Scheller
37i9dQZF1DWWEcRhUVtL8n,Indie Pop,Crush,Glades
37i9dQZF1DWWEcRhUVtL8n,Indie Pop,Costa del Margate,Connie Constance
37i9dQZF1DWWEcRhUVtL8n,Indie Pop,SO LOW,Drauve
37i9dQZF1DWWEcRhUVtL8n,Indie Pop,Backyard Boy,Claire Rosinkranz
37i9dQZF1DWWEcRhUVtL8n,Indie Pop,Can I Call You Tonight?,Dayglow
37i9dQZF1DWWEcRhUVtL8n,Indie Pop,bon iver,mxmtoon
37i9dQZF1DWWEcRhUVtL8n,Indie Pop,Friends,Isaac Delusion
37i9dQZF1DWWEcRhUVtL8n,Indie Pop,Black Cat,Valley Boy
37i9dQZF1DWWEcRhUVtL8n,Indie Pop,Puppy,Grady
37i9dQZF1DWWEcRhUVtL8n,Indie Pop,Pretty Girl Lie,Baby Queen
37i9dQZF1DWWEcRhUVtL8n,Indie Pop,5,Max Leone
37i9dQZF1DWWEcRhUVtL8n,Indie Pop,ghosts!,Silver Sphere
37i9dQZF1DWWEcRhUVtL8n,Indie Pop,Love Like This Before - Spotify Studio Oyster Recording,"Lil Halima, NAHOM"
37i9dQZF1DWWEcRhUVtL8n,Indie Pop,Low Blow,Nate Traveller
37i9dQZF1DWWEcRhUVtL8n,Indie Pop,"he said, she said",wordsbyjuni
37i9dQZF1DWWEcRhUVtL8n,Indie Pop,Dionne (feat. Justin Vernon),"The Japanese House, Justin Vernon"
37i9dQZF1DWWEcRhUVtL8n,Indie Pop,Drive-in Movie,Abby Bella May
37i9dQZF1DWWEcRhUVtL8n,Indie Pop,One Good Reason,Phangs
37i9dQZF1DWWEcRhUVtL8n,Indie Pop,miss me if u want to,Tipling Rock
37i9dQZF1DWWEcRhUVtL8n,Indie Pop,Nervous,"The Natural Synthetic, Ariza, Miette Hope"
37i9dQZF1DWWEcRhUVtL8n,Indie Pop,Bummerland,AJR
37i9dQZF1DWWEcRhUVtL8n,Indie Pop,When I'm with You,SODAPOP
37i9dQZF1DWWEcRhUVtL8n,Indie Pop,Oh Yeah,A. G. Cook
37i9dQZF1DWWEcRhUVtL8n,Indie Pop,9teen,"david hugo, Slush Puppy"
37i9dQZF1DWWEcRhUVtL8n,Indie Pop,Your Drugs,j ember
37i9dQZF1DWWEcRhUVtL8n,Indie Pop,Surreal,Dan Croll
37i9dQZF1DWWEcRhUVtL8n,Indie Pop,Don't Let Me Die In Hollywood,Sean Kennedy
37i9dQZF1DWWEcRhUVtL8n,Indie Pop,Medicine,Baby Queen
37i9dQZF1DWWEcRhUVtL8n,Indie Pop,Too Fast,X Lovers
37i9dQZF1DWWEcRhUVtL8n,Indie Pop,Do Better!,"LiL Lotus, sophie meiers"
37i9dQZF1DWWEcRhUVtL8n,Indie Pop,Sippy Cup,Sally Boy
37i9dQZF1DWWEcRhUVtL8n,Indie Pop,Effortless,Ant Saunders
37i9dQZF1DWWEcRhUVtL8n,Indie Pop,Elephant In The Room (feat. gnash),"dempsey hope, gnash"
37i9dQZF1DWWEcRhUVtL8n,Indie Pop,nostalgic (luvsick),renforshort
37i9dQZF1DWWEcRhUVtL8n,Indie Pop,Virtually Anything (feat. Sophie Meiers),"GRANDMA, sophie meiers"
37i9dQZF1DWWEcRhUVtL8n,Indie Pop,Safe Places,Cassidy King
37i9dQZF1DWWEcRhUVtL8n,Indie Pop,Sucker Punch,Dead Emerson
37i9dQZF1DWWEcRhUVtL8n,Indie Pop,Check In,JWestern
37i9dQZF1DWWEcRhUVtL8n,Indie Pop,Back To My Bed,Elderbrook
37i9dQZF1DWWEcRhUVtL8n,Indie Pop,Watching You Disappear,April
37i9dQZF1DWWEcRhUVtL8n,Indie Pop,Waves,Fiji Blue
37i9dQZF1DWWEcRhUVtL8n,Indie Pop,miss andry,flowerkid
37i9dQZF1DWWEcRhUVtL8n,Indie Pop,Pick Up Your Phone,Hojean
37i9dQZF1DWWEcRhUVtL8n,Indie Pop,Just Move,Pixey
37i9dQZF1DWWEcRhUVtL8n,Indie Pop,What They'll Say About Us,FINNEAS
37i9dQZF1DWWEcRhUVtL8n,Indie Pop,summer,Nightly
37i9dQZF1DWWEcRhUVtL8n,Indie Pop,littlebitwild,"Golden Vessel, Mallrat"
37i9dQZF1DWWEcRhUVtL8n,Indie Pop,Golden Eyes,HANNI
37i9dQZF1DWWEcRhUVtL8n,Indie Pop,Call You Right Now,JWestern
37i9dQZF1DWWEcRhUVtL8n,Indie Pop,supernova,prettyboyshav
37i9dQZF1DWWEcRhUVtL8n,Indie Pop,Blood Sugar,Kid Bloom
37i9dQZF1DWWEcRhUVtL8n,Indie Pop,D.M.T.,STACEY
37i9dQZF1DWWEcRhUVtL8n,Indie Pop,Scream Drive Faster,LAUREL
37i9dQZF1DWWEcRhUVtL8n,Indie Pop,One Star,deryk
37i9dQZF1DWWEcRhUVtL8n,Indie Pop,Bittersweet,Sam Soto
37i9dQZF1DWWEcRhUVtL8n,Indie Pop,I Don't Wanna,DOUBLECAMP
37i9dQZF1DWWEcRhUVtL8n,Indie Pop,Butterflies,Thomas Headon
37i9dQZF1DWWEcRhUVtL8n,Indie Pop,Are You Bored Yet? (feat. Clairo),"Wallows, Clairo"
37i9dQZF1DWWEcRhUVtL8n,Indie Pop,no friends,mazie
37i9dQZF1DWWEcRhUVtL8n,Indie Pop,When You're Lonely,Wingtip
37i9dQZF1DWWEcRhUVtL8n,Indie Pop,Save Me From Myself,MAX RAD
37i9dQZF1DWWEcRhUVtL8n,Indie Pop,Post Humorous,Gus Dapperton
37i9dQZF1DWWEcRhUVtL8n,Indie Pop,Stay,Bay Ledges
37i9dQZF1DWWEcRhUVtL8n,Indie Pop,Strawberry Sunscreen,Lostboycrow
37i9dQZF1DWWEcRhUVtL8n,Indie Pop,Mariposa,Del Water Gap
37i9dQZF1DWWEcRhUVtL8n,Indie Pop,"Dreaming, backwards",Ella Vos
37i9dQZF1DWWEcRhUVtL8n,Indie Pop,Beatrice,Dizzy
37i9dQZF1DWWEcRhUVtL8n,Indie Pop,ALWAYS,"Tia Gostelow, Holy Holy"
37i9dQZF1DWWEcRhUVtL8n,Indie Pop,try again,joan
37i9dQZF1DWWEcRhUVtL8n,Indie Pop,Favorite Nightmare,Blanks
37i9dQZF1DWWEcRhUVtL8n,Indie Pop,Difficult,Amy Allen
37i9dQZF1DWWEcRhUVtL8n,Indie Pop,Talk to Me,Phoebe Ryan
37i9dQZF1DWWEcRhUVtL8n,Indie Pop,Somewhere (feat. Gus Dapperton),"Surf Mesa, Gus Dapperton"
37i9dQZF1DWWEcRhUVtL8n,Indie Pop,brokenhearted,joan
37i9dQZF1DWWEcRhUVtL8n,Indie Pop,Reinvent,Phoebe Green
37i9dQZF1DWWEcRhUVtL8n,Indie Pop,Islands,rei brown
37i9dQZF1DWWEcRhUVtL8n,Indie Pop,Forgetter,Jordana
37i9dQZF1DWWEcRhUVtL8n,Indie Pop,80's,prettyboyshav
37i9dQZF1DWWEcRhUVtL8n,Indie Pop,is your bedroom ceiling bored? (feat. Cavetown),"Sody, Cavetown"
37i9dQZF1DWWEcRhUVtL8n,Indie Pop,always,keshi
37i9dQZF1DWWEcRhUVtL8n,Indie Pop,Don't Play Pretend,Anna Sofia
37i9dQZF1DWWEcRhUVtL8n,Indie Pop,All Out of Love,"Stark, Ayoni"
37i9dQZF1DWWEcRhUVtL8n,Indie Pop,You Sad,Tkay Maidza
37i9dQZF1DWWEcRhUVtL8n,Indie Pop,Fresh Out,Mallory Merk
37i9dQZF1DWWEcRhUVtL8n,Indie Pop,Caught in the Middle,Alexander 23
37i9dQZF1DWWEcRhUVtL8n,Indie Pop,Say It Again,Griff
37i9dQZF1DWWEcRhUVtL8n,Indie Pop,"I Miss You, I'm Sorry",Kita Alexander
37i9dQZF1DWWEcRhUVtL8n,Indie Pop,One More Weekend,Maude Latour
37i9dQZF1DWWEcRhUVtL8n,Indie Pop,Off My Mind,BLOXX
37i9dQZF1DWWEcRhUVtL8n,Indie Pop,PURPOSE BUILT,LARRY PINK THE HUMAN
37i9dQZF1DWWEcRhUVtL8n,Indie Pop,Big Wheel,Samia
37i9dQZF1DWWEcRhUVtL8n,Indie Pop,Adult,Christian Leave
37i9dQZF1DWWEcRhUVtL8n,Indie Pop,crowd,Silver Sphere
37i9dQZF1DWWEcRhUVtL8n,Indie Pop,Sugarbaby,Michi
37i9dQZF1DWWEcRhUVtL8n,Indie Pop,"I Don't Want To Make It Alone, I Want To Make It With You",beaux
37i9dQZF1DX2Nc3B70tvx0,Ultimate Indie,Tangerine,Glass Animals
37i9dQZF1DX2Nc3B70tvx0,Ultimate Indie,Can I Believe You,Fleet Foxes
37i9dQZF1DX2Nc3B70tvx0,Ultimate Indie,BS,Still Woozy
37i9dQZF1DX2Nc3B70tvx0,Ultimate Indie,Video Game,Sufjan Stevens
37i9dQZF1DX2Nc3B70tvx0,Ultimate Indie,Rooftop Dancing,Sylvan Esso
37i9dQZF1DX2Nc3B70tvx0,Ultimate Indie,Is It True,Tame Impala
37i9dQZF1DX2Nc3B70tvx0,Ultimate Indie,Free,SAULT
37i9dQZF1DX2Nc3B70tvx0,Ultimate Indie,Post Humorous,Gus Dapperton
37i9dQZF1DX2Nc3B70tvx0,Ultimate Indie,Eugene,Arlo Parks
37i9dQZF1DX2Nc3B70tvx0,Ultimate Indie,Impossible Weight,"Deep Sea Diver, Sharon Van Etten"
37i9dQZF1DX2Nc3B70tvx0,Ultimate Indie,Lost in Translation,The Neighbourhood
37i9dQZF1DX2Nc3B70tvx0,Ultimate Indie,rue,girl in red
37i9dQZF1DX2Nc3B70tvx0,Ultimate Indie,The Curse (feat. Mac Demarco),"Yellow Days, Mac DeMarco"
37i9dQZF1DX2Nc3B70tvx0,Ultimate Indie,Room,Ethan Tasch
37i9dQZF1DX2Nc3B70tvx0,Ultimate Indie,Paper Thin,Lianne La Havas
37i9dQZF1DX2Nc3B70tvx0,Ultimate Indie,Godspeed,James Blake
37i9dQZF1DX2Nc3B70tvx0,Ultimate Indie,Thirteen,"Bedouine, Waxahatchee, Hurray For The Riff Raff"
37i9dQZF1DX2Nc3B70tvx0,Ultimate Indie,"Identical - From The Motion Picture ""On The Rocks""",Phoenix
37i9dQZF1DX2Nc3B70tvx0,Ultimate Indie,Dionne (feat. Justin Vernon),"The Japanese House, Justin Vernon"
37i9dQZF1DX2Nc3B70tvx0,Ultimate Indie,Hurt,Arlo Parks
37i9dQZF1DX2Nc3B70tvx0,Ultimate Indie,Confirmation (SSBD),Westerman
37i9dQZF1DX2Nc3B70tvx0,Ultimate Indie,The Good Ones,Widowspeak
37i9dQZF1DX2Nc3B70tvx0,Ultimate Indie,There Must Be More Than Blood,Car Seat Headrest
37i9dQZF1DX2Nc3B70tvx0,Ultimate Indie,Wasted,Tomberlin
37i9dQZF1DX2Nc3B70tvx0,Ultimate Indie,The Wall & I,Nation of Language
37i9dQZF1DX2Nc3B70tvx0,Ultimate Indie,Moments / Tides,Goth Babe
37i9dQZF1DX2Nc3B70tvx0,Ultimate Indie,Flying,Dehd
37i9dQZF1DX2Nc3B70tvx0,Ultimate Indie,A word becomes a sound,Kate Bollinger
37i9dQZF1DX2Nc3B70tvx0,Ultimate Indie,Stella Brown,Jelani Aryeh
37i9dQZF1DX2Nc3B70tvx0,Ultimate Indie,Baby It's You,London Grammar
37i9dQZF1DX2Nc3B70tvx0,Ultimate Indie,Listerine,Dayglow
37i9dQZF1DX2Nc3B70tvx0,Ultimate Indie,AUATC,Bon Iver
37i9dQZF1DX2Nc3B70tvx0,Ultimate Indie,Potions,Day Wave
37i9dQZF1DX2Nc3B70tvx0,Ultimate Indie,Please Don't Make Me Cry,Lianne La Havas
37i9dQZF1DX2Nc3B70tvx0,Ultimate Indie,Are You Even Real?,James Blake
37i9dQZF1DX2Nc3B70tvx0,Ultimate Indie,Heavy Head (Keep It Near),Brooke Bentham
37i9dQZF1DX2Nc3B70tvx0,Ultimate Indie,Ferris Wheel,Sylvan Esso
37i9dQZF1DX2Nc3B70tvx0,Ultimate Indie,Sweet Summer Sweat (feat. Dijon),"Jim-E Stack, Dijon"
37i9dQZF1DX2Nc3B70tvx0,Ultimate Indie,hey girl,boy pablo
37i9dQZF1DX2Nc3B70tvx0,Ultimate Indie,Guilty Conscience - Tame Impala Remix,"070 Shake, Tame Impala"
37i9dQZF1DX2Nc3B70tvx0,Ultimate Indie,Sucker,Madeline Kenney
37i9dQZF1DX2Nc3B70tvx0,Ultimate Indie,Running Red Lights (feat. Rivers Cuomo & Pink Siifu),"The Avalanches, Rivers Cuomo, Pink Siifu"
37i9dQZF1DX2Nc3B70tvx0,Ultimate Indie,Reinvent,Phoebe Green
37i9dQZF1DX2Nc3B70tvx0,Ultimate Indie,Pretty Boy,The Neighbourhood
37i9dQZF1DX2Nc3B70tvx0,Ultimate Indie,Isn't It So Convenient,Mk.gee
37i9dQZF1DX2Nc3B70tvx0,Ultimate Indie,Big Wheel,Samia
37i9dQZF1DX2Nc3B70tvx0,Ultimate Indie,For Sure,Future Islands
37i9dQZF1DX2Nc3B70tvx0,Ultimate Indie,First Aid,Gus Dapperton
37i9dQZF1DX2Nc3B70tvx0,Ultimate Indie,Whole New Mess,Angel Olsen
37i9dQZF1DX2Nc3B70tvx0,Ultimate Indie,A Lucid Dream,Fontaines D.C.
37i9dQZF1DX2Nc3B70tvx0,Ultimate Indie,Cassette Beat,Babeheaven
37i9dQZF1DX2Nc3B70tvx0,Ultimate Indie,Price,"Erlend Øye, Sebastian Maschat & Erlend Øye"
37i9dQZF1DX2Nc3B70tvx0,Ultimate Indie,Berlin,Fenne Lily
37i9dQZF1DX2Nc3B70tvx0,Ultimate Indie,Cabin Fever,Jaden
37i9dQZF1DX2Nc3B70tvx0,Ultimate Indie,Drive,Soccer Mommy
37i9dQZF1DX2Nc3B70tvx0,Ultimate Indie,Flood,Dehd
37i9dQZF1DX2Nc3B70tvx0,Ultimate Indie,New Love Cassette (Mark Ronson Remix),"Angel Olsen, Mark Ronson"
37i9dQZF1DX2Nc3B70tvx0,Ultimate Indie,honey,boy pablo
37i9dQZF1DX2Nc3B70tvx0,Ultimate Indie,I Know The End,Phoebe Bridgers
37i9dQZF1DX2Nc3B70tvx0,Ultimate Indie,Maybe We Could,Kllo
37i9dQZF1DX2Nc3B70tvx0,Ultimate Indie,Universe,Ambar Lucid
37i9dQZF1DX2Nc3B70tvx0,Ultimate Indie,Plum,Widowspeak
37i9dQZF1DX2Nc3B70tvx0,Ultimate Indie,2much,Spencer.
37i9dQZF1DX2Nc3B70tvx0,Ultimate Indie,Hold It Together,The Marías
37i9dQZF1DX2Nc3B70tvx0,Ultimate Indie,Things I Thought Were Mine,Alfie Templeman
37i9dQZF1DX2Nc3B70tvx0,Ultimate Indie,You're All I Want,Cigarettes After Sex
37i9dQZF1DX2Nc3B70tvx0,Ultimate Indie,Gasoline,HAIM
37i9dQZF1DX2Nc3B70tvx0,Ultimate Indie,So We Won't Forget,Khruangbin
37i9dQZF1DX2Nc3B70tvx0,Ultimate Indie,Happiness In Liquid Form,Alfie Templeman
37i9dQZF1DX2Nc3B70tvx0,Ultimate Indie,I Don't Belong,Fontaines D.C.
37i9dQZF1DX2Nc3B70tvx0,Ultimate Indie,On the Floor - Edit,Perfume Genius
37i9dQZF1DX2Nc3B70tvx0,Ultimate Indie,Idaho,Slow Pulp
37i9dQZF1DX2Nc3B70tvx0,Ultimate Indie,Can't Fight,Lianne La Havas
37i9dQZF1DX2Nc3B70tvx0,Ultimate Indie,Le Chateau,Ginger Root
37i9dQZF1DX2Nc3B70tvx0,Ultimate Indie,Frequency,Sylvan Esso
37i9dQZF1DX2Nc3B70tvx0,Ultimate Indie,Rosalie (CH. II),Lewis Del Mar
37i9dQZF1DX2Nc3B70tvx0,Ultimate Indie,Runner,Hovvdy
37i9dQZF1DX2Nc3B70tvx0,Ultimate Indie,I See You,Phoebe Bridgers
37i9dQZF1DX2Nc3B70tvx0,Ultimate Indie,Time (You and I),Khruangbin
37i9dQZF1DX2Nc3B70tvx0,Ultimate Indie,name & place,dad sports
37i9dQZF1DX2Nc3B70tvx0,Ultimate Indie,Fire,Waxahatchee
37i9dQZF1DX2Nc3B70tvx0,Ultimate Indie,Knuckleduster,Muzz
37i9dQZF1DX2Nc3B70tvx0,Ultimate Indie,Albion,Gus Harvey
37i9dQZF1DX2Nc3B70tvx0,Ultimate Indie,Funky Galileo,Sure Sure
37i9dQZF1DX2Nc3B70tvx0,Ultimate Indie,cz,Mk.gee
37i9dQZF1DX2Nc3B70tvx0,Ultimate Indie,The Steps,HAIM
37i9dQZF1DX2Nc3B70tvx0,Ultimate Indie,Without You,Perfume Genius
37i9dQZF1DX2Nc3B70tvx0,Ultimate Indie,Manta Rays,chloe moriondo
37i9dQZF1DX2Nc3B70tvx0,Ultimate Indie,Summer Love,Muzz
37i9dQZF1DX2Nc3B70tvx0,Ultimate Indie,Black Dog,Arlo Parks
37i9dQZF1DX2Nc3B70tvx0,Ultimate Indie,I Know Alone,HAIM
37i9dQZF1DX2Nc3B70tvx0,Ultimate Indie,Neither/Nor,Moses Sumney
37i9dQZF1DX2Nc3B70tvx0,Ultimate Indie,What She Said,MOSSS
37i9dQZF1DX2Nc3B70tvx0,Ultimate Indie,Dreamland,Glass Animals
37i9dQZF1DX2Nc3B70tvx0,Ultimate Indie,Maybe I'll Go Nowhere,Ethan Gruska
37i9dQZF1DX2Nc3B70tvx0,Ultimate Indie,Prisoner of Love,The Undercover Dream Lovers
37i9dQZF1DX2Nc3B70tvx0,Ultimate Indie,Boy,Purr
37i9dQZF1DX2Nc3B70tvx0,Ultimate Indie,Brooklyn Bridge To Chorus,The Strokes
37i9dQZF1DX2Nc3B70tvx0,Ultimate Indie,The River,Goth Babe
37i9dQZF1DX2Nc3B70tvx0,Ultimate Indie,Figure 8,Peach Pit
37i9dQZF1DXdbXrPNafg9d,All New Indie,Can I Believe You,Fleet Foxes
37i9dQZF1DXdbXrPNafg9d,All New Indie,Run Away With Me,Sufjan Stevens
37i9dQZF1DXdbXrPNafg9d,All New Indie,Ring,Sylvan Esso
37i9dQZF1DXdbXrPNafg9d,All New Indie,Lost in Translation,The Neighbourhood
37i9dQZF1DXdbXrPNafg9d,All New Indie,Long Road Home,Oneohtrix Point Never
37i9dQZF1DXdbXrPNafg9d,All New Indie,The Great Divide,The Shins
37i9dQZF1DXdbXrPNafg9d,All New Indie,leave me alone!,boy pablo
37i9dQZF1DXdbXrPNafg9d,All New Indie,High Hopes (feat. Omar Apollo),"Joji, Omar Apollo"
37i9dQZF1DXdbXrPNafg9d,All New Indie,"nowhere, man",Tune-Yards
37i9dQZF1DXdbXrPNafg9d,All New Indie,National Song,Nana Adjoa
37i9dQZF1DXdbXrPNafg9d,All New Indie,Bleeding,Yo La Tengo
37i9dQZF1DXdbXrPNafg9d,All New Indie,Borderline - Blood Orange Remix,"Tame Impala, Blood Orange"
37i9dQZF1DXdbXrPNafg9d,All New Indie,Average Joe,Oscar Scheller
37i9dQZF1DXdbXrPNafg9d,All New Indie,How Lucky,"Kurt Vile, John Prine"
37i9dQZF1DXdbXrPNafg9d,All New Indie,Car Crash in G Major,fanclubwallet
37i9dQZF1DXdbXrPNafg9d,All New Indie,Indecision,MONEYPHONE
37i9dQZF1DXdbXrPNafg9d,All New Indie,In Every Mountain,Yves Jarvis
37i9dQZF1DXdbXrPNafg9d,All New Indie,Wait For Love,meija
37i9dQZF1DXdbXrPNafg9d,All New Indie,Wander,Kevin Morby
37i9dQZF1DXdbXrPNafg9d,All New Indie,Cut And Bleach My Hair,Thomas Headon
37i9dQZF1DXdbXrPNafg9d,All New Indie,Hard Times,Will Butler
37i9dQZF1DXdbXrPNafg9d,All New Indie,Crying On My Own,Sedona
37i9dQZF1DXdbXrPNafg9d,All New Indie,Bluebird,Gus Dapperton
37i9dQZF1DXdbXrPNafg9d,All New Indie,Free,SAULT
37i9dQZF1DXdbXrPNafg9d,All New Indie,"Take Care In Your Dreaming (feat. Denzel Curry, Tricky & Sampa The Great)","The Avalanches, Denzel Curry, Tricky, Sampa the Great"
37i9dQZF1DXdbXrPNafg9d,All New Indie,Better Distractions,Faye Webster
37i9dQZF1DXdbXrPNafg9d,All New Indie,Gates to the Sun (POLLEN Singles),"SahBabii, Joji"
37i9dQZF1DXdbXrPNafg9d,All New Indie,Short and Sweet - Bon Iver Remix,"Brittany Howard, Bon Iver"
37i9dQZF1DXdbXrPNafg9d,All New Indie,Statues in the Garden (Arras),Local Natives
37i9dQZF1DXdbXrPNafg9d,All New Indie,feel away (feat. James Blake & Mount Kimbie),"slowthai, James Blake, Mount Kimbie"
37i9dQZF1DXdbXrPNafg9d,All New Indie,Sugar,Sufjan Stevens
37i9dQZF1DXdbXrPNafg9d,All New Indie,Birthday,Fenne Lily
37i9dQZF1DXdbXrPNafg9d,All New Indie,Keep Yourself Alive,Yellow Days
37i9dQZF1DXdbXrPNafg9d,All New Indie,Moonlight,Future Islands
37i9dQZF1DXdbXrPNafg9d,All New Indie,K.L.F.G.,Daniela Andrade
37i9dQZF1DXdbXrPNafg9d,All New Indie,Daydreaming,Jack Grace
37i9dQZF1DXdbXrPNafg9d,All New Indie,CALL ME (Freestyle),"Blood Orange, 박혜진 Park Hye Jin"
37i9dQZF1DXdbXrPNafg9d,All New Indie,Agreeable,Cautious Clay
37i9dQZF1DXdbXrPNafg9d,All New Indie,7 Seconds,Porridge Radio
37i9dQZF1DXdbXrPNafg9d,All New Indie,Beautiful Superstar,A. G. Cook
37i9dQZF1DXdbXrPNafg9d,All New Indie,Straws In The Wind,King Gizzard & The Lizard Wizard
37i9dQZF1DXdbXrPNafg9d,All New Indie,Just Move,Pixey
37i9dQZF1DXdbXrPNafg9d,All New Indie,Mr. Lonely,"Angel Olsen, Emile Mosseri"
37i9dQZF1DXdbXrPNafg9d,All New Indie,A Low,Cults
37i9dQZF1DXdbXrPNafg9d,All New Indie,In Vitro,Novaa
37i9dQZF1DXdbXrPNafg9d,All New Indie,Godspeed,James Blake
37i9dQZF1DXdbXrPNafg9d,All New Indie,SUNRISE (feat. Arlo Parks),"MICHELLE, Arlo Parks"
37i9dQZF1DXdbXrPNafg9d,All New Indie,BS,Still Woozy
37i9dQZF1DXdbXrPNafg9d,All New Indie,Be a Rebel - Edit,New Order
37i9dQZF1DXdbXrPNafg9d,All New Indie,Nobody Gets Me (Like You),Wallows
37i9dQZF1DXdbXrPNafg9d,All New Indie,The Curse (feat. Mac Demarco),"Yellow Days, Mac DeMarco"
37i9dQZF1DXdbXrPNafg9d,All New Indie,Frequency,Sylvan Esso
37i9dQZF1DXdbXrPNafg9d,All New Indie,Kamikaze,Omar Apollo
37i9dQZF1DXdbXrPNafg9d,All New Indie,Helpless,Rhye
37i9dQZF1DXdbXrPNafg9d,All New Indie,Strange Timez (feat. Robert Smith),"Gorillaz, Robert Smith "
37i9dQZF1DXdbXrPNafg9d,All New Indie,One More Second,Matt Berninger
37i9dQZF1DXdbXrPNafg9d,All New Indie,God and the Policeman (feat. Kacey Musgraves),"The Flaming Lips, Kacey Musgraves"
37i9dQZF1DXdbXrPNafg9d,All New Indie,Bloom,Gabriel Garzón-Montano
37i9dQZF1DXdbXrPNafg9d,All New Indie,Thirteen,"Bedouine, Waxahatchee, Hurray For The Riff Raff"
37i9dQZF1DXdbXrPNafg9d,All New Indie,Keep Your Head Up,Djo
37i9dQZF1DXdbXrPNafg9d,All New Indie,Beyond the Pine,Tash Sultana
37i9dQZF1DXdbXrPNafg9d,All New Indie,Trick To Happy,Bahamas
37i9dQZF1DXdbXrPNafg9d,All New Indie,Take It from Me,The Undercover Dream Lovers
37i9dQZF1DXdbXrPNafg9d,All New Indie,Karmadame,Zoé
37i9dQZF1DXdbXrPNafg9d,All New Indie,rangerover - Vegyn Remix,"Porches, Vegyn"
37i9dQZF1DXdbXrPNafg9d,All New Indie,Paraphernalia,Temples
37i9dQZF1DXdbXrPNafg9d,All New Indie,Medicine,Gus Dapperton
37i9dQZF1DXdbXrPNafg9d,All New Indie,Puddles,Daniela Andrade
37i9dQZF1DXdbXrPNafg9d,All New Indie,Walking Flames,"Actress, Sampha"
37i9dQZF1DXdbXrPNafg9d,All New Indie,Impossible Weight,"Deep Sea Diver, Sharon Van Etten"
37i9dQZF1DXdbXrPNafg9d,All New Indie,B.O.M.B.,St. Panther
37i9dQZF1DXdbXrPNafg9d,All New Indie,anything,Adrianne Lenker
37i9dQZF1DXdbXrPNafg9d,All New Indie,Rapture,Declan McKenna
37i9dQZF1DXdbXrPNafg9d,All New Indie,Lonely Holiday,Alex Siegel
37i9dQZF1DXdbXrPNafg9d,All New Indie,lightning,tiger lili
37i9dQZF1DXdbXrPNafg9d,All New Indie,Every Once In A While,Cut Worms
37i9dQZF1DXdbXrPNafg9d,All New Indie,Le Queens,Plants and Animals
37i9dQZF1DXdbXrPNafg9d,All New Indie,Wonder,Lomelda
37i9dQZF1DXdbXrPNafg9d,All New Indie,Lancaster Nights,Charlie Burg
37i9dQZF1DXdbXrPNafg9d,All New Indie,Unreal,Julia Stone
37i9dQZF1DXdbXrPNafg9d,All New Indie,Loneliness Pt. II,"Aaron Taos, spill tab"
37i9dQZF1DXdbXrPNafg9d,All New Indie,rue,girl in red
37i9dQZF1DXdbXrPNafg9d,All New Indie,The Trees,Goth Babe
37i9dQZF1DXdbXrPNafg9d,All New Indie,Triptych,Samia
37i9dQZF1DXdbXrPNafg9d,All New Indie,Catch You,"Ricky Reed, Lido Pimienta"
37i9dQZF1DXdbXrPNafg9d,All New Indie,Solipsism,Fenne Lily
37i9dQZF1DXdbXrPNafg9d,All New Indie,Lemonade,"Circa Waves, Alfie Templeman"
37i9dQZF1DXdbXrPNafg9d,All New Indie,so sad,iogi
37i9dQZF1DXdbXrPNafg9d,All New Indie,The Good Ones,Widowspeak
37i9dQZF1DXdbXrPNafg9d,All New Indie,Monolithic,Cults
37i9dQZF1DXdbXrPNafg9d,All New Indie,Room,Ethan Tasch
37i9dQZF1DXdbXrPNafg9d,All New Indie,Mad Wave,Mad Wave
37i9dQZF1DXdbXrPNafg9d,All New Indie,Cold Waters,Hong Kong Boyfriend
37i9dQZF1DXdbXrPNafg9d,All New Indie,Hurt,Arlo Parks
37i9dQZF1DXdbXrPNafg9d,All New Indie,A word becomes a sound,Kate Bollinger
37i9dQZF1DXdbXrPNafg9d,All New Indie,Soft Spot,Ralph Castelli
37i9dQZF1DXdbXrPNafg9d,All New Indie,GARDEN 2,Triathalon
37i9dQZF1DXdbXrPNafg9d,All New Indie,Surreal,Dan Croll
37i9dQZF1DXdbXrPNafg9d,All New Indie,I Should Go (with Kenny Beats),"James Vincent McMorrow, Kenny Beats"
37i9dQZF1DXdbXrPNafg9d,All New Indie,Running In The Grass,Cut Copy
37i9dQZF1DXaRL7xbcDl7X,Indie Workout,Guilty Conscience - Tame Impala Remix,"070 Shake, Tame Impala"
37i9dQZF1DXaRL7xbcDl7X,Indie Workout,Left Hand Free,alt-J
37i9dQZF1DXaRL7xbcDl7X,Indie Workout,Last Nite,The Strokes
37i9dQZF1DXaRL7xbcDl7X,Indie Workout,Future Starts Slow,The Kills
37i9dQZF1DXaRL7xbcDl7X,Indie Workout,Loudspeaker,MUNA
37i9dQZF1DXaRL7xbcDl7X,Indie Workout,The Less I Know The Better,Tame Impala
37i9dQZF1DXaRL7xbcDl7X,Indie Workout,Ever Again,Robyn
37i9dQZF1DXaRL7xbcDl7X,Indie Workout,Back Down,Bob Moses
37i9dQZF1DXaRL7xbcDl7X,Indie Workout,Superposition,Young the Giant
37i9dQZF1DXaRL7xbcDl7X,Indie Workout,World Class Cinema,Gus Dapperton
37i9dQZF1DXaRL7xbcDl7X,Indie Workout,MJ,"Now, Now"
37i9dQZF1DXaRL7xbcDl7X,Indie Workout,Life Itself,Glass Animals
37i9dQZF1DXaRL7xbcDl7X,Indie Workout,Sunshine,POWERS
37i9dQZF1DXaRL7xbcDl7X,Indie Workout,Alaska,Maggie Rogers
37i9dQZF1DXaRL7xbcDl7X,Indie Workout,Stars,Future Generations
37i9dQZF1DXaRL7xbcDl7X,Indie Workout,Coins,Local Natives
37i9dQZF1DXaRL7xbcDl7X,Indie Workout,Fire,Diskopunk
37i9dQZF1DXaRL7xbcDl7X,Indie Workout,Ruin Your Night,Sorcha Richardson
37i9dQZF1DXaRL7xbcDl7X,Indie Workout,Saltwater,Geowulf
37i9dQZF1DXaRL7xbcDl7X,Indie Workout,Painting (Masterpiece),Lewis Del Mar
37i9dQZF1DXaRL7xbcDl7X,Indie Workout,No Matter What,Little Monarch
37i9dQZF1DXaRL7xbcDl7X,Indie Workout,Her Life,Two Feet
37i9dQZF1DXaRL7xbcDl7X,Indie Workout,Waiting on the Summer,VHS Collection
37i9dQZF1DXaRL7xbcDl7X,Indie Workout,Edge of Town,Middle Kids
37i9dQZF1DXaRL7xbcDl7X,Indie Workout,Wasting Time,Day Wave
37i9dQZF1DXaRL7xbcDl7X,Indie Workout,Dear To Me,Electric Guest
37i9dQZF1DXaRL7xbcDl7X,Indie Workout,Two High,Moon Taxi
37i9dQZF1DXaRL7xbcDl7X,Indie Workout,Never Be Like You (feat. Kai),"Flume, kai"
37i9dQZF1DXaRL7xbcDl7X,Indie Workout,FACES,The Blaze
37i9dQZF1DXaRL7xbcDl7X,Indie Workout,Gone,Day Wave
37i9dQZF1DXaRL7xbcDl7X,Indie Workout,Comeback Kid,Sharon Van Etten
37i9dQZF1DXaRL7xbcDl7X,Indie Workout,Feel Your Weight - Poolside Remix,"Rhye, Poolside"
37i9dQZF1DXaRL7xbcDl7X,Indie Workout,Bridges,Erthlings
37i9dQZF1DXaRL7xbcDl7X,Indie Workout,"When They Fight, They Fight",Generationals
37i9dQZF1DXaRL7xbcDl7X,Indie Workout,Mr. Brightside,The Killers
37i9dQZF1DXaRL7xbcDl7X,Indie Workout,Don't Stop (Color on the Walls),Foster The People
37i9dQZF1DXaRL7xbcDl7X,Indie Workout,Who Needs You,The Orwells
37i9dQZF1DXaRL7xbcDl7X,Indie Workout,Cardiac Arrest,Bad Suns
37i9dQZF1DXaRL7xbcDl7X,Indie Workout,Heads Will Roll,Yeah Yeah Yeahs
37i9dQZF1DXaRL7xbcDl7X,Indie Workout,I Sat By The Ocean,Queens of the Stone Age
37i9dQZF1DXaRL7xbcDl7X,Indie Workout,The Wire,HAIM
37i9dQZF1DXaRL7xbcDl7X,Indie Workout,Lost on Me,Peace
37i9dQZF1DXaRL7xbcDl7X,Indie Workout,Do You,Spoon
37i9dQZF1DXaRL7xbcDl7X,Indie Workout,Phantom Limb,The Shins
37i9dQZF1DXaRL7xbcDl7X,Indie Workout,Of The Night,Bastille
37i9dQZF1DXaRL7xbcDl7X,Indie Workout,Water Fountain,Tune-Yards
37i9dQZF1DXaRL7xbcDl7X,Indie Workout,My Number,Foals
37i9dQZF1DXaRL7xbcDl7X,Indie Workout,Back in the Tall Grass,Future Islands
37i9dQZF1DXaRL7xbcDl7X,Indie Workout,I Follow Rivers,Lykke Li
37i9dQZF1DXaRL7xbcDl7X,Indie Workout,Supernatural,AlunaGeorge
37i9dQZF1DXaRL7xbcDl7X,Indie Workout,Lampshades on Fire,Modest Mouse
37i9dQZF1DXaRL7xbcDl7X,Indie Workout,History Eraser,Courtney Barnett
37i9dQZF1DXaRL7xbcDl7X,Indie Workout,Zombie,Jamie T
37i9dQZF1DXaRL7xbcDl7X,Indie Workout,Class Historian,BRONCHO
37i9dQZF1DXaRL7xbcDl7X,Indie Workout,It Gets Better,The Preatures
37i9dQZF1DXaRL7xbcDl7X,Indie Workout,Gronlandic Edit,of Montreal
37i9dQZF1DXaRL7xbcDl7X,Indie Workout,Seasons (Waiting On You),Future Islands
37i9dQZF1DXaRL7xbcDl7X,Indie Workout,Thunder Clatter,Wild Cub
37i9dQZF1DXaRL7xbcDl7X,Indie Workout,The Rat,The Walkmen
37i9dQZF1DXaRL7xbcDl7X,Indie Workout,Origins,Tennis
37i9dQZF1DXaRL7xbcDl7X,Indie Workout,Kids,MGMT
37i9dQZF1DXaRL7xbcDl7X,Indie Workout,Work This Body,WALK THE MOON
37i9dQZF1DXaRL7xbcDl7X,Indie Workout,Happy Idiot,TV On The Radio
37i9dQZF1DXaRL7xbcDl7X,Indie Workout,Lay Your Love Down - Single Version,Wolf Gang
37i9dQZF1DXaRL7xbcDl7X,Indie Workout,Electric Love,BØRNS
37i9dQZF1DXaRL7xbcDl7X,Indie Workout,Eyes of the Muse,King Tuff
37i9dQZF1DXaRL7xbcDl7X,Indie Workout,Rent I Pay,Spoon
37i9dQZF1DXaRL7xbcDl7X,Indie Workout,Killed Ya,Daniel Wilson
37i9dQZF1DXaRL7xbcDl7X,Indie Workout,Miracle,Ghost Beach
37i9dQZF1DXaRL7xbcDl7X,Indie Workout,The Walker,Fitz and The Tantrums
37i9dQZF1DXaRL7xbcDl7X,Indie Workout,Sleepyhead,Passion Pit
37i9dQZF1DXaRL7xbcDl7X,Indie Workout,Paris,Magic Man
37i9dQZF1DXaRL7xbcDl7X,Indie Workout,Trojans,Atlas Genius
37i9dQZF1DXaRL7xbcDl7X,Indie Workout,Heartbreak,"Clubfeet, Chela"
37i9dQZF1DXaRL7xbcDl7X,Indie Workout,The Mother We Share,CHVRCHES
37i9dQZF1DXaRL7xbcDl7X,Indie Workout,Don't You Evah,Spoon
37i9dQZF1DXaRL7xbcDl7X,Indie Workout,Default,Django Django
37i9dQZF1DXaRL7xbcDl7X,Indie Workout,Obstacle 1,Interpol
37i9dQZF1DXaRL7xbcDl7X,Indie Workout,Girls Just Want to Have Fun,STRFKR
37i9dQZF1DXaRL7xbcDl7X,Indie Workout,Always,Panama
37i9dQZF1DXaRL7xbcDl7X,Indie Workout,The Heat,Jungle
37i9dQZF1DXaRL7xbcDl7X,Indie Workout,Party Talk,Craft Spells
37i9dQZF1DXaRL7xbcDl7X,Indie Workout,Argonauts,The Little Ones
37i9dQZF1DXaRL7xbcDl7X,Indie Workout,Polish Girl,Neon Indian
37i9dQZF1DXaRL7xbcDl7X,Indie Workout,Teen Lovers,The Virgins
37i9dQZF1DXaRL7xbcDl7X,Indie Workout,Jealous (I Ain't With It),Chromeo
37i9dQZF1DXaRL7xbcDl7X,Indie Workout,My Body,Young the Giant
37i9dQZF1DXaRL7xbcDl7X,Indie Workout,Uma,Panama Wedding
37i9dQZF1DXaRL7xbcDl7X,Indie Workout,Breakers,Local Natives
37i9dQZF1DXaRL7xbcDl7X,Indie Workout,Last Words,Hospitality
37i9dQZF1DXaRL7xbcDl7X,Indie Workout,Never Gonna Change,Broods
37i9dQZF1DXaRL7xbcDl7X,Indie Workout,The Hardest Button To Button,The White Stripes
37i9dQZF1DXaRL7xbcDl7X,Indie Workout,Cough Syrup,Young the Giant
37i9dQZF1DXaRL7xbcDl7X,Indie Workout,A Dream of You and Me,Future Islands
37i9dQZF1DXaRL7xbcDl7X,Indie Workout,Back Seat - EP Version,Atlas Genius
37i9dQZF1DXaRL7xbcDl7X,Indie Workout,Everything Is Wrong,Interpol
37i9dQZF1DXaRL7xbcDl7X,Indie Workout,Death By Diamonds And Pearls,Band Of Skulls
37i9dQZF1DXaRL7xbcDl7X,Indie Workout,The End Has No End,The Strokes
37i9dQZF1DXaRL7xbcDl7X,Indie Workout,Hail Bop,Django Django
37i9dQZF1DXaRL7xbcDl7X,Indie Workout,Keep You,Wild Belle
37i9dQZF1DWVTKDs2aOkxu,The Indie List,SUNRISE - feat. Arlo Parks,"MICHELLE, Arlo Parks"
37i9dQZF1DWVTKDs2aOkxu,The Indie List,rue,girl in red
37i9dQZF1DWVTKDs2aOkxu,The Indie List,Liffey,Pillow Queens
37i9dQZF1DWVTKDs2aOkxu,The Indie List,Solipsism,Fenne Lily
37i9dQZF1DWVTKDs2aOkxu,The Indie List,Cold Feet,Tayo Sound
37i9dQZF1DWVTKDs2aOkxu,The Indie List,Forever Isn't Long Enough,Alfie Templeman
37i9dQZF1DWVTKDs2aOkxu,The Indie List,Comfort,Vistas
37i9dQZF1DWVTKDs2aOkxu,The Indie List,Scream Drive Faster,LAUREL
37i9dQZF1DWVTKDs2aOkxu,The Indie List,Visitor,Of Monsters and Men
37i9dQZF1DWVTKDs2aOkxu,The Indie List,Pretty Girl Lie,Baby Queen
37i9dQZF1DWVTKDs2aOkxu,The Indie List,Costa del Margate,Connie Constance
37i9dQZF1DWVTKDs2aOkxu,The Indie List,Between Your Teeth,Ailbhe Reddy
37i9dQZF1DWVTKDs2aOkxu,The Indie List,"Daniel, You're Still a Child",Declan McKenna
37i9dQZF1DWVTKDs2aOkxu,The Indie List,Fading,Colouring
37i9dQZF1DWVTKDs2aOkxu,The Indie List,Worth It,beabadoobee
37i9dQZF1DWVTKDs2aOkxu,The Indie List,We Could Start a War,Somebody's Child
37i9dQZF1DWVTKDs2aOkxu,The Indie List,Football,Chappaqua Wrestling
37i9dQZF1DWVTKDs2aOkxu,The Indie List,Don't Make a Scene,Cassia
37i9dQZF1DWVTKDs2aOkxu,The Indie List,Just Move,Pixey
37i9dQZF1DWVTKDs2aOkxu,The Indie List,Without Your Love,APRE
37i9dQZF1DWVTKDs2aOkxu,The Indie List,Lemonade,"Circa Waves, Alfie Templeman"
37i9dQZF1DWVTKDs2aOkxu,The Indie List,Average Joe,Oscar Scheller
37i9dQZF1DWVTKDs2aOkxu,The Indie List,Reinvent,Phoebe Green
37i9dQZF1DWVTKDs2aOkxu,The Indie List,Love This Way,Saint Raymond
37i9dQZF1DWVTKDs2aOkxu,The Indie List,Juliet,Marsicans
37i9dQZF1DWVTKDs2aOkxu,The Indie List,Fashun,Willie J Healey
37i9dQZF1DWVTKDs2aOkxu,The Indie List,Moment In The Sun,Sunflower Bean
37i9dQZF1DWVTKDs2aOkxu,The Indie List,What Have You Got To Lose,The Magic Gang
37i9dQZF1DWVTKDs2aOkxu,The Indie List,Violent Sun,Everything Everything
37i9dQZF1DWVTKDs2aOkxu,The Indie List,"Can't Talk, Won't",Coach Party
37i9dQZF1DWVTKDs2aOkxu,The Indie List,Silver - Edit,DMA'S
37i9dQZF1DWVTKDs2aOkxu,The Indie List,Running Into You,The Cribs
37i9dQZF1DWVTKDs2aOkxu,The Indie List,Roll Over!,Kean Kavanagh
37i9dQZF1DWVTKDs2aOkxu,The Indie List,7 Seconds,Porridge Radio
37i9dQZF1DWVTKDs2aOkxu,The Indie List,Eye to Eye,Glass Caves
37i9dQZF1DWVTKDs2aOkxu,The Indie List,Cotton Candy,spill tab
37i9dQZF1DWVTKDs2aOkxu,The Indie List,What You Do to Me,Ethan P. Flynn
37i9dQZF1DWVTKDs2aOkxu,The Indie List,Heart of Mine,All We Are
37i9dQZF1DWVTKDs2aOkxu,The Indie List,5000 Miles,BLOXX
37i9dQZF1DWVTKDs2aOkxu,The Indie List,Ghosted,Declan Welsh and The Decadent West
37i9dQZF1DWVTKDs2aOkxu,The Indie List,Lonely,"George Moir, Blossom Caldarone"
37i9dQZF1DWVTKDs2aOkxu,The Indie List,Video Game,Sufjan Stevens
37i9dQZF1DWVTKDs2aOkxu,The Indie List,Old Flame,Dream Wife
37i9dQZF1DWVTKDs2aOkxu,The Indie List,TV Kween,Abbie Ozard
37i9dQZF1DWVTKDs2aOkxu,The Indie List,Get Out,Oscar Lang
37i9dQZF1DWVTKDs2aOkxu,The Indie List,Beaches,Black Honey
37i9dQZF1DWVTKDs2aOkxu,The Indie List,Forever,Sea Girls
37i9dQZF1DWVTKDs2aOkxu,The Indie List,Honey,Sfven
37i9dQZF1DWVTKDs2aOkxu,The Indie List,Devil’s Advocate,The Neighbourhood
37i9dQZF1DWVTKDs2aOkxu,The Indie List,How to Have Fun,Molly Payton
37i9dQZF1DWVTKDs2aOkxu,The Indie List,Bad Decisions,Only Sun
37i9dQZF1DWVTKDs2aOkxu,The Indie List,Believe,The Night Society
37i9dQZF1DWVTKDs2aOkxu,The Indie List,Cat's Pyjamas,Caro
37i9dQZF1DWVTKDs2aOkxu,The Indie List,Smile,Sunset Sons
37i9dQZF1DX4D03hXYoE1I,Alternative HIIT,Kelly - Fickle Friends Remix,"The Aces, Fickle Friends"
37i9dQZF1DX4D03hXYoE1I,Alternative HIIT,I Am,Genesis Owusu
37i9dQZF1DX4D03hXYoE1I,Alternative HIIT,Is It True,Tame Impala
37i9dQZF1DX4D03hXYoE1I,Alternative HIIT,Back To My Bed,Elderbrook
37i9dQZF1DX4D03hXYoE1I,Alternative HIIT,Echoes,Roosevelt
37i9dQZF1DX4D03hXYoE1I,Alternative HIIT,I Don’t Think I Can Do This Again (with Clairo),"Mura Masa, Clairo"
37i9dQZF1DX4D03hXYoE1I,Alternative HIIT,Everybody Knows,The Naked And Famous
37i9dQZF1DX4D03hXYoE1I,Alternative HIIT,Drink Too Much,G Flip
37i9dQZF1DX4D03hXYoE1I,Alternative HIIT,I Know A Place,MUNA
37i9dQZF1DX4D03hXYoE1I,Alternative HIIT,SUNRISE - Leven Kali Remix,"MICHELLE, Leven Kali"
37i9dQZF1DX4D03hXYoE1I,Alternative HIIT,Deleters - APRE Remix,"Holy Fuck, Angus Andrew, APRE"
37i9dQZF1DX4D03hXYoE1I,Alternative HIIT,Kelly,The Aces
37i9dQZF1DX4D03hXYoE1I,Alternative HIIT,Default,Django Django
37i9dQZF1DX4D03hXYoE1I,Alternative HIIT,Borderline,Girl Crush
37i9dQZF1DX4D03hXYoE1I,Alternative HIIT,Over Yet,Hayley Williams
37i9dQZF1DX4D03hXYoE1I,Alternative HIIT,Everything Else Has Gone Wrong,Bombay Bicycle Club
37i9dQZF1DX4D03hXYoE1I,Alternative HIIT,Forever,CHVRCHES
37i9dQZF1DX4D03hXYoE1I,Alternative HIIT,Live It Up,APRE
37i9dQZF1DX4D03hXYoE1I,Alternative HIIT,THE BOTTOM,MICHELLE
37i9dQZF1DX4D03hXYoE1I,Alternative HIIT,Discoda,FOZSA
37i9dQZF1DX4D03hXYoE1I,Alternative HIIT,Guilty Conscience - Tame Impala Remix,"070 Shake, Tame Impala"
37i9dQZF1DX4D03hXYoE1I,Alternative HIIT,We Could Start a War - Le Boom Radio Edit - Remix,"Somebody's Child, Le Boom"
37i9dQZF1DX4D03hXYoE1I,Alternative HIIT,In Degrees,Foals
37i9dQZF1DX4D03hXYoE1I,Alternative HIIT,i want you,George Barnett
37i9dQZF1DX4D03hXYoE1I,Alternative HIIT,Vanished,Crystal Castles
37i9dQZF1DX4D03hXYoE1I,Alternative HIIT,Life Itself,Glass Animals
37i9dQZF1DX4D03hXYoE1I,Alternative HIIT,Believe,The Night Society
37i9dQZF1DX4D03hXYoE1I,Alternative HIIT,Tongues,"Joywave, KOPPS"
37i9dQZF1DX4D03hXYoE1I,Alternative HIIT,Blinding Lights,The Naked And Famous
37i9dQZF1DX4D03hXYoE1I,Alternative HIIT,Radio,Sylvan Esso
37i9dQZF1DX4D03hXYoE1I,Alternative HIIT,Open Your Eyes,STRFKR
37i9dQZF1DX4D03hXYoE1I,Alternative HIIT,S.U.C.C.E.S.S.,Sløtface
37i9dQZF1DX4D03hXYoE1I,Alternative HIIT,Doorman,"slowthai, Mura Masa"
37i9dQZF1DX4D03hXYoE1I,Alternative HIIT,weird!,YUNGBLUD
37i9dQZF1DX4D03hXYoE1I,Alternative HIIT,Deal With It,GIRLI
37i9dQZF1DX4D03hXYoE1I,Alternative HIIT,Crystalised (Rory Phillips Remix),The xx
37i9dQZF1DX4D03hXYoE1I,Alternative HIIT,Alive,Empire of the Sun
37i9dQZF1DX4D03hXYoE1I,Alternative HIIT,Supalonely,"BENEE, Gus Dapperton"
37i9dQZF1DX4D03hXYoE1I,Alternative HIIT,System,Curtis Waters
37i9dQZF1DX4D03hXYoE1I,Alternative HIIT,hand crushed by a mallet (N0thanky0u Remix),"100 gecs, N0THANKY0U"
37i9dQZF1DX4D03hXYoE1I,Alternative HIIT,About Work The Dancefloor - Edit,Georgia
37i9dQZF1DX4D03hXYoE1I,Alternative HIIT,Silhouettes,Friendly Fires
37i9dQZF1DX4D03hXYoE1I,Alternative HIIT,High And Low,Empire of the Sun
37i9dQZF1DX4D03hXYoE1I,Alternative HIIT,Beaches,Black Honey
37i9dQZF1DX4D03hXYoE1I,Alternative HIIT,Peach - Bad Sounds Remix,"Broods, Bad Sounds"
37i9dQZF1DX4D03hXYoE1I,Alternative HIIT,Avalanche,Bad Sounds
37i9dQZF1DX4D03hXYoE1I,Alternative HIIT,Never Ever,STRFKR
37i9dQZF1DX4D03hXYoE1I,Alternative HIIT,I Wanna Know - Joe Goddard Edit,"Jetta, Joe Goddard"
37i9dQZF1DX4D03hXYoE1I,Alternative HIIT,Shuffle - Jack Steadman remix,"Bombay Bicycle Club, Jack Steadman"
37i9dQZF1DX4D03hXYoE1I,Alternative HIIT,Oblivion,Grimes
37i9dQZF1DWTujiC7wfofZ,Indie Party,Violent Sun,Everything Everything
37i9dQZF1DWTujiC7wfofZ,Indie Party,Beaches,Black Honey
37i9dQZF1DWTujiC7wfofZ,Indie Party,Acting My Age,The Academic
37i9dQZF1DWTujiC7wfofZ,Indie Party,THE BOTTOM,MICHELLE
37i9dQZF1DWTujiC7wfofZ,Indie Party,Tangerine,Glass Animals
37i9dQZF1DWTujiC7wfofZ,Indie Party,Believe,The Night Society
37i9dQZF1DWTujiC7wfofZ,Indie Party,Televised Mind,Fontaines D.C.
37i9dQZF1DWTujiC7wfofZ,Indie Party,How Can I Compete,The Magic Gang
37i9dQZF1DWTujiC7wfofZ,Indie Party,Live It Up,APRE
37i9dQZF1DWTujiC7wfofZ,Indie Party,Forever,Sea Girls
37i9dQZF1DWTujiC7wfofZ,Indie Party,Internet Religion,Baby Queen
37i9dQZF1DWTujiC7wfofZ,Indie Party,Better Man,"Alice Ivy, Benjamin Joseph"
37i9dQZF1DWTujiC7wfofZ,Indie Party,Obvious Guy,Alfie Templeman
37i9dQZF1DWTujiC7wfofZ,Indie Party,Guilty Conscience - Tame Impala Remix,"070 Shake, Tame Impala"
37i9dQZF1DWTujiC7wfofZ,Indie Party,I'm Only Going to Hurt You,The Ninth Wave
37i9dQZF1DWTujiC7wfofZ,Indie Party,how will i rest in peace if i'm buried by a highway?//,KennyHoopla
37i9dQZF1DWTujiC7wfofZ,Indie Party,Rubber Sky - Edit,LA Priest
37i9dQZF1DWTujiC7wfofZ,Indie Party,Doubt It,The Amazons
37i9dQZF1DWTujiC7wfofZ,Indie Party,Happiness In Liquid Form,Alfie Templeman
37i9dQZF1DWTujiC7wfofZ,Indie Party,Life Itself,Glass Animals
37i9dQZF1DWTujiC7wfofZ,Indie Party,Chevy Thunder,Spector
37i9dQZF1DWTujiC7wfofZ,Indie Party,All My Pride,Black Honey
37i9dQZF1DWTujiC7wfofZ,Indie Party,Farewell To The Fairground,White Lies
37i9dQZF1DWTujiC7wfofZ,Indie Party,Don't Take The Money,Bleachers
37i9dQZF1DWTujiC7wfofZ,Indie Party,Breakfast,Anteros
37i9dQZF1DWTujiC7wfofZ,Indie Party,Turn,The Wombats
37i9dQZF1DWTujiC7wfofZ,Indie Party,Celestine,Spector
37i9dQZF1DWTujiC7wfofZ,Indie Party,Bloodshake,Peace
37i9dQZF1DWTujiC7wfofZ,Indie Party,Kathleen,Catfish and the Bottlemen
37i9dQZF1DWTujiC7wfofZ,Indie Party,Zombie,Jamie T
37i9dQZF1DWTujiC7wfofZ,Indie Party,When Am I Gonna Lose You,Local Natives
37i9dQZF1DWTujiC7wfofZ,Indie Party,She Don't Dance,Everyone You Know
37i9dQZF1DWTujiC7wfofZ,Indie Party,Let It Happen,Tame Impala
37i9dQZF1DWTujiC7wfofZ,Indie Party,Daydream,The Aces
37i9dQZF1DWTujiC7wfofZ,Indie Party,Take Back The Track,The Magic Gang
37i9dQZF1DWTujiC7wfofZ,Indie Party,Fight On,The Lathums
37i9dQZF1DWTujiC7wfofZ,Indie Party,Boys In the Better Land - Radio Edit,Fontaines D.C.
37i9dQZF1DWTujiC7wfofZ,Indie Party,Lost In Yesterday,Tame Impala
37i9dQZF1DWTujiC7wfofZ,Indie Party,Where We're Going,Gerry Cinnamon
37i9dQZF1DWTujiC7wfofZ,Indie Party,SUPERLIKE,The Academic
37i9dQZF1DWTujiC7wfofZ,Indie Party,Jacqueline,Circa Waves
37i9dQZF1DWTujiC7wfofZ,Indie Party,15 Years,Vistas
37i9dQZF1DWTujiC7wfofZ,Indie Party,Pieces,Larkins
37i9dQZF1DWTujiC7wfofZ,Indie Party,Cash Machine,Oliver Tree
37i9dQZF1DWTujiC7wfofZ,Indie Party,I KNO V3,Victor Internet
37i9dQZF1DWTujiC7wfofZ,Indie Party,Heavenly Maybe,Gengahr
37i9dQZF1DWTujiC7wfofZ,Indie Party,International Woman of Leisure,La Roux
37i9dQZF1DWTujiC7wfofZ,Indie Party,The Races,Sports Team
37i9dQZF1DWTujiC7wfofZ,Indie Party,Sympathetic Vibrations,Bad Sounds
37i9dQZF1DWTujiC7wfofZ,Indie Party,Supalonely,"BENEE, Gus Dapperton"
37i9dQZF1DWTujiC7wfofZ,Indie Party,She Said,Sundara Karma
37i9dQZF1DWTujiC7wfofZ,Indie Party,Your Girlfriend,Blossoms
37i9dQZF1DWTujiC7wfofZ,Indie Party,It's Not Living (If It's Not With You),The 1975
37i9dQZF1DWTujiC7wfofZ,Indie Party,Diane Young,Vampire Weekend
37i9dQZF1DWTujiC7wfofZ,Indie Party,Hawaiian Air,Friendly Fires
37i9dQZF1DWTujiC7wfofZ,Indie Party,Default,Django Django
37i9dQZF1DWTujiC7wfofZ,Indie Party,Pumped Up Kicks,Foster The People
37i9dQZF1DWTujiC7wfofZ,Indie Party,Bad Girls,M.I.A.
37i9dQZF1DWTujiC7wfofZ,Indie Party,Wildest Moments,Jessie Ware
37i9dQZF1DWTujiC7wfofZ,Indie Party,Busy Earnin',Jungle
37i9dQZF1DWTujiC7wfofZ,Indie Party,"Archie, Marry Me",Alvvays
37i9dQZF1DWTujiC7wfofZ,Indie Party,Can't Do Without You,Caribou
37i9dQZF1DWTujiC7wfofZ,Indie Party,Pink + White,Frank Ocean
37i9dQZF1DWTujiC7wfofZ,Indie Party,Never Be Like You,"Flume, kai"
37i9dQZF1DWTujiC7wfofZ,Indie Party,Started Out,Georgia
37i9dQZF1DWTujiC7wfofZ,Indie Party,Sometimes,Gerry Cinnamon
37i9dQZF1DWTujiC7wfofZ,Indie Party,All I Want To Hear You Say,Sea Girls
37i9dQZF1DWTujiC7wfofZ,Indie Party,Retrospect - Single Version,Vistas
37i9dQZF1DWTujiC7wfofZ,Indie Party,Missing U,Robyn
37i9dQZF1DWTujiC7wfofZ,Indie Party,About Work The Dancefloor - Edit,Georgia
37i9dQZF1DWTujiC7wfofZ,Indie Party,"Eat, Sleep, Wake (Nothing But You) - Single Version",Bombay Bicycle Club
37i9dQZF1DWTujiC7wfofZ,Indie Party,Your Light,The Big Moon
37i9dQZF1DWTujiC7wfofZ,Indie Party,Summer Girl - Bonus Track,HAIM
37i9dQZF1DWTujiC7wfofZ,Indie Party,Explore,Sundara Karma
37i9dQZF1DWTujiC7wfofZ,Indie Party,T-Shirt Weather,Circa Waves
37i9dQZF1DWTujiC7wfofZ,Indie Party,You're in Love with a Psycho,Kasabian
37i9dQZF1DWTujiC7wfofZ,Indie Party,Glue,Fickle Friends
37i9dQZF1DWTujiC7wfofZ,Indie Party,Panic - 2011 Remaster,The Smiths
37i9dQZF1DWTujiC7wfofZ,Indie Party,A Young Understanding,Sundara Karma
37i9dQZF1DWTujiC7wfofZ,Indie Party,Fossils,Circa Waves
37i9dQZF1DWTujiC7wfofZ,Indie Party,Whole New Way,The Horrors
37i9dQZF1DWTujiC7wfofZ,Indie Party,Mountain at My Gates,Foals
37i9dQZF1DWTujiC7wfofZ,Indie Party,Isombard,Declan McKenna
37i9dQZF1DWTujiC7wfofZ,Indie Party,If You Wanna,The Vaccines
37i9dQZF1DWTujiC7wfofZ,Indie Party,Over And Over,Hot Chip
37i9dQZF1DWTujiC7wfofZ,Indie Party,Take Her Back,The Pigeon Detectives
37i9dQZF1DWTujiC7wfofZ,Indie Party,Don’t Delete The Kisses,Wolf Alice
37i9dQZF1DWTujiC7wfofZ,Indie Party,Brazil,Declan McKenna
37i9dQZF1DWTujiC7wfofZ,Indie Party,Boys That Sing,Viola Beach
37i9dQZF1DWTujiC7wfofZ,Indie Party,Two Weeks,Grizzly Bear
37i9dQZF1DWTujiC7wfofZ,Indie Party,A-Punk,Vampire Weekend
37i9dQZF1DWTujiC7wfofZ,Indie Party,Young Love (feat. Laura Marling),"Mystery Jets, Laura Marling"
37i9dQZF1DWTujiC7wfofZ,Indie Party,Dragon Bones,Jamie T
37i9dQZF1DWTujiC7wfofZ,Indie Party,Swings And Waterslides,Viola Beach
37i9dQZF1DWTujiC7wfofZ,Indie Party,Four Out Of Five,Arctic Monkeys
37i9dQZF1DWTujiC7wfofZ,Indie Party,What You Know,Two Door Cinema Club
37i9dQZF1DWTujiC7wfofZ,Indie Party,I'm Not Gonna Teach Your Boyfriend How To Dance With You,Black Kids
37i9dQZF1DWTujiC7wfofZ,Indie Party,Ladyflash,The Go! Team
37i9dQZF1DWTujiC7wfofZ,Indie Party,Dance Yrself Clean,LCD Soundsystem
37i9dQZF1DWTujiC7wfofZ,Indie Party,There's a Honey,Pale Waves
37i9dQZF1DWSQScAbo5nGF,Indie Roadtrip,What You Want,Zuzu
37i9dQZF1DWSQScAbo5nGF,Indie Roadtrip,THE BOTTOM,MICHELLE
37i9dQZF1DWSQScAbo5nGF,Indie Roadtrip,Internet Religion,Baby Queen
37i9dQZF1DWSQScAbo5nGF,Indie Roadtrip,Monty Python,Connie Constance
37i9dQZF1DWSQScAbo5nGF,Indie Roadtrip,Care,beabadoobee
37i9dQZF1DWSQScAbo5nGF,Indie Roadtrip,Silver,DMA'S
37i9dQZF1DWSQScAbo5nGF,Indie Roadtrip,Brianstorm,Arctic Monkeys
37i9dQZF1DWSQScAbo5nGF,Indie Roadtrip,The Runner,Foals
37i9dQZF1DWSQScAbo5nGF,Indie Roadtrip,Eye to Eye,Glass Caves
37i9dQZF1DWSQScAbo5nGF,Indie Roadtrip,Stranger,Vistas
37i9dQZF1DWSQScAbo5nGF,Indie Roadtrip,L.S.F.,Kasabian
37i9dQZF1DWSQScAbo5nGF,Indie Roadtrip,5000 Miles,BLOXX
37i9dQZF1DWSQScAbo5nGF,Indie Roadtrip,Heavenly Maybe,Gengahr
37i9dQZF1DWSQScAbo5nGF,Indie Roadtrip,how will i rest in peace if i'm buried by a highway?//,KennyHoopla
37i9dQZF1DWSQScAbo5nGF,Indie Roadtrip,Right Way Round,Saint Raymond
37i9dQZF1DWSQScAbo5nGF,Indie Roadtrip,Caution,The Killers
37i9dQZF1DWSQScAbo5nGF,Indie Roadtrip,T-Shirt Weather,Circa Waves
37i9dQZF1DWSQScAbo5nGF,Indie Roadtrip,Do You Really Wanna Know?,Sea Girls
37i9dQZF1DWSQScAbo5nGF,Indie Roadtrip,Anything Could Happen,The Academic
37i9dQZF1DWSQScAbo5nGF,Indie Roadtrip,All My Pride,Black Honey
37i9dQZF1DWSQScAbo5nGF,Indie Roadtrip,Pretty Great,Fickle Friends
37i9dQZF1DWSQScAbo5nGF,Indie Roadtrip,It's Not Living (If It's Not With You),The 1975
37i9dQZF1DWSQScAbo5nGF,Indie Roadtrip,Happiness In Liquid Form,Alfie Templeman
37i9dQZF1DWSQScAbo5nGF,Indie Roadtrip,Your Light,The Big Moon
37i9dQZF1DWSQScAbo5nGF,Indie Roadtrip,Someone To You,BANNERS
37i9dQZF1DWSQScAbo5nGF,Indie Roadtrip,Bros,Wolf Alice
37i9dQZF1DWSQScAbo5nGF,Indie Roadtrip,What Have You Got To Lose,The Magic Gang
37i9dQZF1DWSQScAbo5nGF,Indie Roadtrip,Battered & Bruised,Circa Waves
37i9dQZF1DWSQScAbo5nGF,Indie Roadtrip,15 Years,Vistas
37i9dQZF1DWSQScAbo5nGF,Indie Roadtrip,Fight On,The Lathums
37i9dQZF1DWSQScAbo5nGF,Indie Roadtrip,Elephants,The Snuts
37i9dQZF1DWSQScAbo5nGF,Indie Roadtrip,Ready For More,Sea Girls
37i9dQZF1DWSQScAbo5nGF,Indie Roadtrip,Bang Bang Bang,"Mark Ronson, The Business Intl"
37i9dQZF1DWSQScAbo5nGF,Indie Roadtrip,Animal,Miike Snow
37i9dQZF1DWSQScAbo5nGF,Indie Roadtrip,The Look,Metronomy
37i9dQZF1DWSQScAbo5nGF,Indie Roadtrip,1901,Phoenix
37i9dQZF1DWSQScAbo5nGF,Indie Roadtrip,Foundations,Kate Nash
37i9dQZF1DWSQScAbo5nGF,Indie Roadtrip,Bubbles,Biffy Clyro
37i9dQZF1DWSQScAbo5nGF,Indie Roadtrip,The Steps,HAIM
37i9dQZF1DWSQScAbo5nGF,Indie Roadtrip,Sometimes,Gerry Cinnamon
37i9dQZF1DWSQScAbo5nGF,Indie Roadtrip,Ophelia,The Lumineers
37i9dQZF1DWSQScAbo5nGF,Indie Roadtrip,The Less I Know The Better,Tame Impala
37i9dQZF1DWSQScAbo5nGF,Indie Roadtrip,Your Girlfriend,Blossoms
37i9dQZF1DWSQScAbo5nGF,Indie Roadtrip,Chocolate,The 1975
37i9dQZF1DWSQScAbo5nGF,Indie Roadtrip,Mixtape 2003,The Academic
37i9dQZF1DWSQScAbo5nGF,Indie Roadtrip,Friday I'm In Love,The Cure
37i9dQZF1DWSQScAbo5nGF,Indie Roadtrip,Brazil,Declan McKenna
37i9dQZF1DWSQScAbo5nGF,Indie Roadtrip,Left Hand Free,alt-J
37i9dQZF1DWSQScAbo5nGF,Indie Roadtrip,Sweet Disposition,The Temper Trap
37i9dQZF1DWSQScAbo5nGF,Indie Roadtrip,Bad Decisions,Two Door Cinema Club
37i9dQZF1DWSQScAbo5nGF,Indie Roadtrip,Flame,Sundara Karma
37i9dQZF1DWSQScAbo5nGF,Indie Roadtrip,There She Goes,The La's
37i9dQZF1DWSQScAbo5nGF,Indie Roadtrip,Not Nineteen Forever,Courteeners
37i9dQZF1DWSQScAbo5nGF,Indie Roadtrip,Don’t Delete The Kisses,Wolf Alice
37i9dQZF1DWSQScAbo5nGF,Indie Roadtrip,Hunger,Florence + The Machine
37i9dQZF1DWSQScAbo5nGF,Indie Roadtrip,Take Me Out,Franz Ferdinand
37i9dQZF1DWSQScAbo5nGF,Indie Roadtrip,Where We're Going,Gerry Cinnamon
37i9dQZF1DWSQScAbo5nGF,Indie Roadtrip,The Love You Give,Vistas
37i9dQZF1DWSQScAbo5nGF,Indie Roadtrip,Lemon to a Knife Fight,The Wombats
37i9dQZF1DWSQScAbo5nGF,Indie Roadtrip,What Makes a Man,Stereo Honey
37i9dQZF1DWSQScAbo5nGF,Indie Roadtrip,Kathleen,Catfish and the Bottlemen
37i9dQZF1DWSQScAbo5nGF,Indie Roadtrip,"Eat, Sleep, Wake (Nothing But You)",Bombay Bicycle Club
37i9dQZF1DWSQScAbo5nGF,Indie Roadtrip,Don't Look Back Into The Sun,The Libertines
37i9dQZF1DWSQScAbo5nGF,Indie Roadtrip,Pumped Up Kicks,Foster The People
37i9dQZF1DWSQScAbo5nGF,Indie Roadtrip,Golden Skans,Klaxons
37i9dQZF1DWSQScAbo5nGF,Indie Roadtrip,Helicopter,Bloc Party
37i9dQZF1DWSQScAbo5nGF,Indie Roadtrip,Shuffle,Bombay Bicycle Club
37i9dQZF1DWSQScAbo5nGF,Indie Roadtrip,Precious Time,The Maccabees
37i9dQZF1DWSQScAbo5nGF,Indie Roadtrip,Sticks 'N' Stones,Jamie T
37i9dQZF1DWSQScAbo5nGF,Indie Roadtrip,The Mother We Share,CHVRCHES
37i9dQZF1DWSQScAbo5nGF,Indie Roadtrip,Banquet,Bloc Party
37i9dQZF1DWSQScAbo5nGF,Indie Roadtrip,Same Jeans,The View
37i9dQZF1DWSQScAbo5nGF,Indie Roadtrip,Two Doors Down,Mystery Jets
37i9dQZF1DWSQScAbo5nGF,Indie Roadtrip,Sheila,Jamie T
37i9dQZF1DWSQScAbo5nGF,Indie Roadtrip,Torn On The Platform,Jack Peñate
37i9dQZF1DWSQScAbo5nGF,Indie Roadtrip,Last Nite,The Strokes
37i9dQZF1DWSQScAbo5nGF,Indie Roadtrip,Radioactive,Kings of Leon
37i9dQZF1DWSQScAbo5nGF,Indie Roadtrip,Hate To Say I Told You So,The Hives
37i9dQZF1DWSQScAbo5nGF,Indie Roadtrip,The Wire,HAIM
37i9dQZF1DWSQScAbo5nGF,Indie Roadtrip,Electric Feel,MGMT
37i9dQZF1DWSQScAbo5nGF,Indie Roadtrip,Walking On A Dream,Empire of the Sun
37i9dQZF1DWSQScAbo5nGF,Indie Roadtrip,Ready to Start,Arcade Fire
37i9dQZF1DWSQScAbo5nGF,Indie Roadtrip,The Bucket,Kings of Leon
37i9dQZF1DWSQScAbo5nGF,Indie Roadtrip,If You Wanna,The Vaccines
37i9dQZF1DWSQScAbo5nGF,Indie Roadtrip,Come Closer,Miles Kane
37i9dQZF1DWSQScAbo5nGF,Indie Roadtrip,Heavyweight Champion of the World,Reverend And The Makers
37i9dQZF1DWSQScAbo5nGF,Indie Roadtrip,No Cars Go,Arcade Fire
37i9dQZF1DWSQScAbo5nGF,Indie Roadtrip,Live Forever,Oasis
37i9dQZF1DWSQScAbo5nGF,Indie Roadtrip,Coffee and TV,Blur
37i9dQZF1DWSQScAbo5nGF,Indie Roadtrip,You Get What You Give,New Radicals
37i9dQZF1DWSQScAbo5nGF,Indie Roadtrip,Alright,Supergrass
37i9dQZF1DWSQScAbo5nGF,Indie Roadtrip,Molly's Chambers,Kings of Leon
37i9dQZF1DWSQScAbo5nGF,Indie Roadtrip,Whatever,Oasis
37i9dQZF1DWSQScAbo5nGF,Indie Roadtrip,Crystalised,The xx
37i9dQZF1DWSQScAbo5nGF,Indie Roadtrip,My Number,Foals
37i9dQZF1DWSQScAbo5nGF,Indie Roadtrip,Radar Detector,Darwin Deez
37i9dQZF1DWSQScAbo5nGF,Indie Roadtrip,Lets Go Surfing,The Drums
37i9dQZF1DWSQScAbo5nGF,Indie Roadtrip,Seasons (Waiting On You),Future Islands
37i9dQZF1DWSQScAbo5nGF,Indie Roadtrip,Lost In Yesterday,Tame Impala
37i9dQZF1DWSQScAbo5nGF,Indie Roadtrip,Exits,Foals
